GeneID,Base-mean,log2_FC,StdErr,Wald-Stats,P-value,P-adj,chr,start,stop,strand,NA,genename
ENSMUSG00000045087,360.4539183,-3.917344984,0.281539225,-13.91402915,5.21E-44,6.94E-40,chr9,21242911,21248443,-,protein_coding,S1pr5
ENSMUSG00000026656,162.4609752,-3.793582913,0.316517783,-11.98537054,4.24E-33,2.82E-29,chr1,170958616,170976547,-,protein_coding,Fcgr2b
ENSMUSG00000003420,895.4824147,-2.583432991,0.237638135,-10.8712896,1.58E-27,7.01E-24,chr7,45092989,45103851,-,protein_coding,Fcgrt
ENSMUSG00000015314,576.9352931,2.415626604,0.225403925,10.71687906,8.48E-27,2.82E-23,chr1,171917514,171953170,+,protein_coding,Slamf6
ENSMUSG00000077714,9313.49268,-1.855652574,0.182281998,-10.18011979,2.43E-24,6.48E-21,chr2,144265978,144266216,-,snoRNA,Snord17
ENSMUSG00000104291,1431.400656,1.884200879,0.186006188,10.12977526,4.08E-24,9.05E-21,chr1,138161819,138167683,-,TEC,A130071D04Rik
ENSMUSG00000030247,166.9274242,-3.20931781,0.321157904,-9.992959127,1.64E-23,3.11E-20,chr6,142564836,142571614,-,protein_coding,Kcnj8
ENSMUSG00000026576,143.8140193,3.444838841,0.35087731,9.817787411,9.44E-23,1.57E-19,chr1,164437108,164458355,-,protein_coding,Atp1b1
ENSMUSG00000038393,3150.522687,-1.669177045,0.171537936,-9.73065831,2.23E-22,3.30E-19,chr3,96557956,96561883,+,protein_coding,Txnip
ENSMUSG00000035901,333.1980191,-2.361279729,0.246151829,-9.59277752,8.57E-22,1.14E-18,chr7,109893779,109960470,-,protein_coding,Dennd5a
ENSMUSG00000026833,55.87524867,-4.134190866,0.43647485,-9.471773377,2.75E-21,3.33E-18,chr2,28192991,28230736,+,protein_coding,Olfm1
ENSMUSG00000031431,772.3899475,-2.126348092,0.225582838,-9.426018893,4.26E-21,4.73E-18,chrX,140539527,140600659,-,protein_coding,Tsc22d3
ENSMUSG00000043753,237.0679012,-2.668878779,0.284904519,-9.367625292,7.42E-21,7.60E-18,chr4,89688197,89694772,+,protein_coding,Dmrta1
ENSMUSG00000019982,346.4427643,3.096515118,0.331582443,9.338597936,9.76E-21,9.29E-18,chr10,21124934,21160984,-,protein_coding,Myb
ENSMUSG00000045382,391.5391847,-1.958059008,0.212763211,-9.202996151,3.48E-20,3.09E-17,chr1,128588198,128592293,-,protein_coding,Cxcr4
ENSMUSG00000035042,4440.455653,-2.128816896,0.233168451,-9.129952548,6.85E-20,5.71E-17,chr11,83525777,83530518,-,protein_coding,Ccl5
ENSMUSG00000022912,67.00679587,-3.538743178,0.40079847,-8.829233255,1.05E-18,8.26E-16,chr16,62854306,62929346,+,protein_coding,Pros1
ENSMUSG00000025314,193.2953919,-2.713026734,0.3135076,-8.653782981,4.98E-18,3.69E-15,chr2,90429755,90580647,-,protein_coding,Ptprj
ENSMUSG00000111118,225.0835308,2.518599986,0.298346177,8.441871145,3.12E-17,2.19E-14,chr19,12528754,12530540,-,processed_pseudogene,Gm6545
ENSMUSG00000104235,525.4742768,2.331860183,0.279012042,8.357561066,6.40E-17,4.26E-14,chr3,60535750,60539744,+,TEC,Gm37589
ENSMUSG00000026764,181.4904888,-2.602385452,0.319697014,-8.1401619,3.95E-16,2.50E-13,chr2,49619297,49774778,+,protein_coding,Kif5c
ENSMUSG00000047146,110.3915118,2.962228369,0.364835455,8.119354423,4.69E-16,2.71E-13,chr10,62804569,62908996,-,protein_coding,Tet1
ENSMUSG00000044072,64.60806309,-3.308584637,0.407435877,-8.120503926,4.64E-16,2.71E-13,chr11,29743047,30026033,-,protein_coding,Eml6
ENSMUSG00000044468,481.2812581,-1.652813427,0.205002601,-8.062402222,7.48E-16,4.15E-13,chr3,100468056,100489324,-,protein_coding,Fam46c
ENSMUSG00000073491,790.4931921,1.577497151,0.19842343,7.950155623,1.86E-15,9.93E-13,chr1,173566282,173599274,-,protein_coding,Ifi213
ENSMUSG00000042284,111.8597097,-3.121615328,0.394984469,-7.903134361,2.72E-15,1.39E-12,chr13,114953095,115101964,-,protein_coding,Itga1
ENSMUSG00000046447,50.60506552,-3.240660777,0.420509678,-7.706506998,1.29E-14,6.38E-12,chr4,138454313,138460123,+,protein_coding,Camk2n1
ENSMUSG00000045817,2544.521951,-1.34524449,0.178435801,-7.539095215,4.73E-14,2.25E-11,chr17,84183930,84187947,-,protein_coding,Zfp36l2
ENSMUSG00000021796,58.09091992,-3.212993586,0.426638212,-7.530955968,5.04E-14,2.31E-11,chr14,34410733,34503341,-,protein_coding,Bmpr1a
ENSMUSG00000053580,86.41541255,-2.837406917,0.378803572,-7.490443931,6.86E-14,3.05E-11,chr11,105589985,105929304,+,protein_coding,Tanc2
ENSMUSG00000079017,363.2421367,2.360127219,0.322682402,7.314087182,2.59E-13,1.11E-10,chr12,103442166,103443680,-,protein_coding,Ifi27l2a
ENSMUSG00000101609,1765.577917,1.440436807,0.199157278,7.23265965,4.74E-13,1.97E-10,chr7,143203457,143296549,-,antisense,Kcnq1ot1
ENSMUSG00000065041,1801.256789,-1.403362474,0.195455086,-7.179974202,6.97E-13,2.81E-10,chr9,120128779,120128935,+,snoRNA,Gm24044
ENSMUSG00000092341,43803.00985,1.170271219,0.16310328,7.175031779,7.23E-13,2.83E-10,chr19,5795689,5802672,-,lincRNA,Malat1
ENSMUSG00000032690,131.006606,2.665902161,0.375765667,7.094586859,1.30E-12,4.80E-10,chr5,120730332,120749853,-,protein_coding,Oas2
ENSMUSG00000068036,135.3399876,-2.043807079,0.288067929,-7.094878924,1.29E-12,4.80E-10,chr17,13760538,13906150,+,protein_coding,Afdn
ENSMUSG00000037921,453.714963,1.475444649,0.208529829,7.07546087,1.49E-12,5.36E-10,chr8,61928086,62038244,+,protein_coding,Ddx60
ENSMUSG00000044393,57.64090954,-2.911193155,0.413887987,-7.033770608,2.01E-12,7.05E-10,chr18,20558073,20604521,+,protein_coding,Dsg2
ENSMUSG00000047777,146.5105138,-2.13966635,0.305225995,-7.010105261,2.38E-12,8.13E-10,chr4,151989632,151996258,-,protein_coding,Phf13
ENSMUSG00000029298,991.7402016,1.265535375,0.1809487,6.993890401,2.67E-12,8.77E-10,chr5,105077629,105139539,-,protein_coding,Gbp9
ENSMUSG00000054404,521.1050902,1.427614235,0.204159678,6.992635604,2.70E-12,8.77E-10,chr11,82952094,82964840,+,protein_coding,Slfn5
ENSMUSG00000069833,20264.74862,-1.430256808,0.206385701,-6.930018884,4.21E-12,1.33E-09,chr19,8989283,9076919,+,protein_coding,Ahnak
ENSMUSG00000023341,68.11983479,2.557238649,0.381680062,6.699953453,2.08E-11,6.46E-09,chr16,97535307,97560900,+,polymorphic_pseudogene,Mx2
ENSMUSG00000104713,398.995867,1.669899296,0.251609488,6.636869345,3.20E-11,9.70E-09,chr5,105272410,105293696,-,protein_coding,Gbp6
ENSMUSG00000064901,2478.16877,-1.212294369,0.187845862,-6.45366555,1.09E-10,3.23E-08,chr11,97781638,97781775,-,snoRNA,Snora21
ENSMUSG00000020593,1500.220109,-1.64590431,0.256500651,-6.41676464,1.39E-10,4.03E-08,chr12,16535668,16610966,-,protein_coding,Lpin1
ENSMUSG00000026989,125.4314003,2.427452393,0.378791574,6.4084118,1.47E-10,4.17E-08,chr2,59484652,59505020,+,protein_coding,Dapl1
ENSMUSG00000064966,10040.28508,-1.077267556,0.168327306,-6.399838387,1.56E-10,4.32E-08,chr7,99479562,99479707,-,snoRNA,Snord15b
ENSMUSG00000020644,1081.609261,-1.413864321,0.221332121,-6.387976199,1.68E-10,4.57E-08,chr12,25093798,25097140,-,protein_coding,Id2
ENSMUSG00000029687,342.6066412,1.614046674,0.253654403,6.3631723,1.98E-10,5.27E-08,chr6,47530138,47595341,-,protein_coding,Ezh2
ENSMUSG00000111212,195.1041052,1.882859528,0.298738704,6.30269698,2.93E-10,7.64E-08,chr9,13308213,13312446,+,TEC,Gm47087
ENSMUSG00000037202,866.2363033,-1.430326747,0.229190848,-6.240767301,4.35E-10,1.12E-07,chr10,61297832,61304680,+,protein_coding,Prf1
ENSMUSG00000022892,129.1765631,-2.02140994,0.325468063,-6.210778175,5.27E-10,1.33E-07,chr16,84949684,85173766,-,protein_coding,App
ENSMUSG00000007872,58.97805992,2.66766079,0.430132589,6.201949956,5.58E-10,1.38E-07,chr4,136143496,136145392,+,protein_coding,Id3
ENSMUSG00000064453,1293.005822,-1.187182618,0.194760362,-6.095606951,1.09E-09,2.64E-07,chr5,107904554,107904648,+,snoRNA,Snord21
ENSMUSG00000022901,45.81463633,2.684135095,0.440991679,6.086588978,1.15E-09,2.74E-07,chr16,36603868,36666077,-,protein_coding,Cd86
ENSMUSG00000038371,71.59262802,-2.238668257,0.368817273,-6.069857416,1.28E-09,2.99E-07,chr7,110308012,110614922,-,protein_coding,Sbf2
ENSMUSG00000027978,140.8458375,-1.972755097,0.325242904,-6.065482356,1.32E-09,3.02E-07,chr3,123446912,123506597,+,protein_coding,Prss12
ENSMUSG00000040724,84.03935284,2.323471342,0.383639592,6.056390914,1.39E-09,3.09E-07,chr3,107101145,107115005,+,protein_coding,Kcna2
ENSMUSG00000020891,29.01030624,-2.824045971,0.466113906,-6.058703531,1.37E-09,3.09E-07,chr11,69183931,69197843,-,protein_coding,Alox8
ENSMUSG00000033209,448.7148748,-1.687393961,0.280078492,-6.024718115,1.69E-09,3.70E-07,chr5,110879802,111289780,+,protein_coding,Ttc28
ENSMUSG00000090272,1516.260053,1.151241411,0.19171609,6.004928502,1.91E-09,4.11E-07,chr1,173857219,173942491,-,protein_coding,Mndal
ENSMUSG00000097838,315.7591005,1.628242152,0.272101056,5.98396117,2.18E-09,4.61E-07,chr13,24631917,24638567,-,lincRNA,C530050E15Rik
ENSMUSG00000034349,2730.45383,1.265774268,0.212769765,5.949032584,2.70E-09,5.61E-07,chr3,69004737,69034623,+,protein_coding,Smc4
ENSMUSG00000095115,157.8822737,-1.915556751,0.324235328,-5.907921151,3.46E-09,6.99E-07,chr7,118485110,118491975,-,protein_coding,Itpripl2
ENSMUSG00000017493,141.6117813,1.788944722,0.302748518,5.909012321,3.44E-09,6.99E-07,chr11,99041243,99054392,+,protein_coding,Igfbp4
ENSMUSG00000003882,3347.438354,-1.006125829,0.170485926,-5.901518386,3.60E-09,7.16E-07,chr15,9505787,9529835,-,protein_coding,Il7r
ENSMUSG00000068129,568.6740403,-1.337115031,0.22978582,-5.818962326,5.92E-09,1.14E-06,chr2,150570414,150578944,+,protein_coding,Cst7
ENSMUSG00000034165,808.212944,-1.183357537,0.203295792,-5.820865865,5.85E-09,1.14E-06,chr17,47505050,47599691,+,protein_coding,Ccnd3
ENSMUSG00000033565,16.23750502,-2.769839075,0.476780594,-5.809462691,6.27E-09,1.19E-06,chr15,77078989,77307004,-,protein_coding,Rbfox2
ENSMUSG00000034353,38.13449717,2.620456534,0.451372654,5.805527902,6.42E-09,1.20E-06,chr1,91179821,91225196,+,protein_coding,Ramp1
ENSMUSG00000033024,42.26062665,-2.380075401,0.413570419,-5.754945938,8.67E-09,1.60E-06,chr6,130178674,130193112,-,protein_coding,Klra9
ENSMUSG00000031933,44.9024516,2.513491357,0.437306362,5.747667022,9.05E-09,1.65E-06,chr9,14885813,14903949,-,protein_coding,Izumo1r
ENSMUSG00000105096,63.63461763,2.309671527,0.402429909,5.739313793,9.51E-09,1.70E-06,chr5,105215698,105239533,-,protein_coding,Gbp10
ENSMUSG00000038151,88.58188346,-1.995943975,0.347844638,-5.738032901,9.58E-09,1.70E-06,chr10,44437176,44458748,-,protein_coding,Prdm1
ENSMUSG00000000244,91.76328924,2.112506992,0.37005745,5.708591989,1.14E-08,2.00E-06,chr7,143005045,143019644,+,protein_coding,Tspan32
ENSMUSG00000111264,124.1806394,1.89043837,0.33241233,5.687028431,1.29E-08,2.24E-06,chr9,44618252,44621018,+,TEC,E030022I16Rik
ENSMUSG00000046807,84.78910421,-2.001493722,0.352249627,-5.682032192,1.33E-08,2.27E-06,chr10,75550122,75560330,-,protein_coding,Lrrc75b
ENSMUSG00000019866,1402.061916,-1.030716018,0.182175845,-5.657808351,1.53E-08,2.59E-06,chr10,43950635,44148853,-,protein_coding,Crybg1
ENSMUSG00000073102,70.52100504,2.089748887,0.369556961,5.65474097,1.56E-08,2.60E-06,chr5,30281387,30366695,+,protein_coding,Drc1
ENSMUSG00000011267,143.6042655,-1.566996649,0.278034848,-5.635972117,1.74E-08,2.86E-06,chr7,19577286,19580656,+,protein_coding,Zfp296
ENSMUSG00000003518,17.93046122,-2.669074645,0.476439189,-5.602130784,2.12E-08,3.44E-06,chr11,101971142,101987013,-,protein_coding,Dusp3
ENSMUSG00000109539,93.69218182,1.941554075,0.348721895,5.567628819,2.58E-08,4.14E-06,chr7,67268905,67272242,-,TEC,Gm44667
ENSMUSG00000080465,220.3215994,-1.441868592,0.25936317,-5.559264985,2.71E-08,4.30E-06,chr6,71882556,71882693,-,snoRNA,Gm22486
ENSMUSG00000031652,1141.689998,-1.423450082,0.256752892,-5.544046933,2.96E-08,4.58E-06,chr8,86841138,86885258,-,protein_coding,N4bp1
ENSMUSG00000036568,298.7062312,-1.369663045,0.247013129,-5.544899779,2.94E-08,4.58E-06,chr17,46798115,46831413,-,protein_coding,Bicral
ENSMUSG00000047293,139.2461688,-1.788501809,0.323386194,-5.530544728,3.19E-08,4.89E-06,chr16,58717434,58718724,-,protein_coding,Gpr15
ENSMUSG00000096833,16.90841228,-2.633253318,0.476482534,-5.52644248,3.27E-08,4.92E-06,chr6,69607274,69607828,-,IG_V_gene,Igkv4-55
ENSMUSG00000039531,332.7112375,1.291727255,0.233781275,5.525366638,3.29E-08,4.92E-06,chr10,33919141,33951259,-,protein_coding,Zufsp
ENSMUSG00000032254,157.2413703,1.663949982,0.302134849,5.507309025,3.64E-08,5.34E-06,chr9,61917279,61946774,-,protein_coding,Kif23
ENSMUSG00000024659,49.66866059,-2.231902124,0.4058897,-5.49878976,3.82E-08,5.54E-06,chr19,20373427,20390944,-,protein_coding,Anxa1
ENSMUSG00000097289,68.06610395,2.107593389,0.384330523,5.483804342,4.16E-08,5.96E-06,chr11,96712981,96747436,-,lincRNA,2010300F17Rik
ENSMUSG00000022816,28.7094911,-2.582332192,0.471761581,-5.473807738,4.40E-08,6.24E-06,chr16,37776872,37836514,+,protein_coding,Fstl1
ENSMUSG00000103216,283.8473934,1.365703646,0.250383401,5.454449609,4.91E-08,6.89E-06,chr17,51796016,51799190,-,TEC,Gm37248
ENSMUSG00000038128,544.2949186,1.167364299,0.214323148,5.446748561,5.13E-08,7.12E-06,chr18,32939040,33195767,+,protein_coding,Camk4
ENSMUSG00000020601,165.066135,1.898541579,0.348836415,5.442498253,5.25E-08,7.22E-06,chr12,15791726,15816922,-,protein_coding,Trib2
ENSMUSG00000109005,132.7101156,1.669241035,0.307214179,5.433476546,5.53E-08,7.50E-06,chr7,90185926,90188198,+,TEC,Gm45221
ENSMUSG00000093044,114.0072683,-1.681438646,0.309540458,-5.432048072,5.57E-08,7.50E-06,chr14,52209784,52209894,-,snoRNA,Snord8
ENSMUSG00000069911,387.5529025,1.581692371,0.291818333,5.42012682,5.96E-08,7.93E-06,chr11,34314821,34422640,+,protein_coding,Fam196b
ENSMUSG00000031428,174.1613239,-1.514911195,0.280224954,-5.406053869,6.44E-08,8.50E-06,chrX,136993154,136998472,+,protein_coding,Zcchc18
ENSMUSG00000102719,93.53375366,1.872292603,0.347304593,5.390923819,7.01E-08,8.99E-06,chr1,58797782,58801623,+,TEC,Gm37760
ENSMUSG00000028885,68.45900709,-1.956729757,0.36278866,-5.393580272,6.91E-08,8.99E-06,chr4,132732965,132757252,-,protein_coding,Smpdl3b
ENSMUSG00000051537,27.64581861,-2.463538532,0.459301112,-5.363667688,8.15E-08,1.03E-05,chrX,21360864,21364622,+,transcribed_processed_pseudogene,Gm5124
ENSMUSG00000032204,326.3989397,-1.514986241,0.28400324,-5.334397735,9.59E-08,1.20E-05,chr9,71110658,71168657,-,protein_coding,Aqp9
ENSMUSG00000027074,59.65868776,2.369012906,0.445638375,5.315998439,1.06E-07,1.32E-05,chr2,84936578,84958509,+,protein_coding,Slc43a3
ENSMUSG00000101970,646.3666871,1.080432296,0.203493215,5.309426649,1.10E-07,1.36E-05,chr7,73539202,73558395,-,processed_transcript,1810026B05Rik
ENSMUSG00000042082,506.5275352,-1.337380379,0.252107368,-5.304804819,1.13E-07,1.38E-05,chr13,93771629,93943016,+,protein_coding,Arsb
ENSMUSG00000031802,52.91325633,2.342392974,0.44268841,5.291290492,1.21E-07,1.47E-05,chr9,13431360,13432751,+,TEC,Phxr4
ENSMUSG00000027778,237.9482539,1.506713526,0.289413664,5.206089801,1.93E-07,2.30E-05,chr3,68892498,69004570,-,protein_coding,Ift80
ENSMUSG00000087968,1500.517901,-1.058841165,0.20359771,-5.200653618,1.99E-07,2.32E-05,chr1,87776937,87777209,+,scaRNA,Gm25395
ENSMUSG00000001025,637.5406462,-1.47990698,0.284499516,-5.201790863,1.97E-07,2.32E-05,chr3,90612881,90614414,+,protein_coding,S100a6
ENSMUSG00000076569,50.07801706,-2.31056318,0.444649612,-5.196368377,2.03E-07,2.33E-05,chr6,69900423,69900977,-,IG_V_gene,Igkv5-39
ENSMUSG00000042489,201.5499058,1.610645697,0.310994709,5.179013179,2.23E-07,2.54E-05,chr4,126556934,126593903,+,protein_coding,Clspn
ENSMUSG00000014932,93.45580434,-1.835128653,0.355784093,-5.157983981,2.50E-07,2.82E-05,chr5,32611170,32687057,+,protein_coding,Yes1
ENSMUSG00000104125,233.2491264,1.377785698,0.268092092,5.139225434,2.76E-07,3.08E-05,chr3,60604383,60607757,+,TEC,Gm37488
ENSMUSG00000020108,245.3450074,-1.277584372,0.248641891,-5.138250702,2.77E-07,3.08E-05,chr10,59949668,59951834,-,protein_coding,Ddit4
ENSMUSG00000053411,566.3979339,-1.122239828,0.218669337,-5.132131665,2.86E-07,3.15E-05,chr15,79915806,79971119,-,protein_coding,Cbx7
ENSMUSG00000109429,147.6522069,1.537369987,0.300302814,5.119399197,3.07E-07,3.35E-05,chr7,90132491,90137629,+,TEC,Gm45223
ENSMUSG00000103253,169.4959354,1.587339567,0.311402981,5.097380766,3.44E-07,3.73E-05,chr2,11190640,11193312,-,TEC,Gm37520
ENSMUSG00000035000,950.7190419,1.070729951,0.210186559,5.09418849,3.50E-07,3.73E-05,chr2,62330072,62412231,-,protein_coding,Dpp4
ENSMUSG00000110195,2016.491396,-1.025808537,0.20135825,-5.094445042,3.50E-07,3.73E-05,chr7,101421690,101512827,+,protein_coding,Pde2a
ENSMUSG00000000386,482.1642953,1.183175629,0.232382071,5.091509956,3.55E-07,3.76E-05,chr16,97447036,97462906,-,protein_coding,Mx1
ENSMUSG00000000817,232.38838,-1.360257198,0.267871514,-5.078021082,3.81E-07,4.00E-05,chr1,161780688,161788495,-,protein_coding,Fasl
ENSMUSG00000033066,325.0272812,-1.669414614,0.328863574,-5.076313537,3.85E-07,4.01E-05,chr11,67455436,67688990,+,protein_coding,Gas7
ENSMUSG00000046532,157.574878,-1.442402269,0.284357124,-5.072502657,3.93E-07,4.05E-05,chrX,98148768,98323215,+,protein_coding,Ar
ENSMUSG00000013698,405.2402555,-1.109263865,0.218817963,-5.069345548,3.99E-07,4.09E-05,chr1,172196727,172206804,-,protein_coding,Pea15a
ENSMUSG00000028228,338.4623289,-1.100113121,0.217501168,-5.057964204,4.24E-07,4.31E-05,chr4,19519253,19570108,-,protein_coding,Cpne3
ENSMUSG00000039899,255.5078619,-1.71851177,0.341231749,-5.036201276,4.75E-07,4.79E-05,chr5,21372641,21378374,+,protein_coding,Fgl2
ENSMUSG00000078945,214.0049756,-1.352527447,0.268898751,-5.029876267,4.91E-07,4.92E-05,chr13,100144062,100202092,-,protein_coding,Naip2
ENSMUSG00000028782,38.19857138,2.233244873,0.448644828,4.977756862,6.43E-07,6.40E-05,chr4,129984869,130022633,+,protein_coding,Adgrb2
ENSMUSG00000113313,71.70211101,1.965681793,0.395120845,4.974887606,6.53E-07,6.44E-05,chr13,20445285,20473490,-,antisense,Gm32036
ENSMUSG00000036768,169.4398993,1.897567417,0.381908067,4.968649737,6.74E-07,6.60E-05,chr9,122951045,123018733,+,protein_coding,Kif15
ENSMUSG00000089281,706.1160435,-1.035944443,0.209582638,-4.942892469,7.70E-07,7.43E-05,chr1,87784555,87784820,+,scaRNA,Scarna6
ENSMUSG00000097636,307.0802798,1.361596011,0.275400107,4.94406493,7.65E-07,7.43E-05,chr19,53441211,53464796,-,lincRNA,Mirt1
ENSMUSG00000097344,121.341213,1.713550261,0.346864603,4.940112795,7.81E-07,7.47E-05,chr16,44329996,44333050,+,lincRNA,Gm26732
ENSMUSG00000021843,655.0357897,1.048735,0.213721657,4.907013243,9.25E-07,8.74E-05,chr14,47648447,47739894,+,protein_coding,Ktn1
ENSMUSG00000007564,727.6754198,-1.043413277,0.213008236,-4.898464473,9.66E-07,9.06E-05,chr17,20945310,20965916,+,protein_coding,Ppp2r1a
ENSMUSG00000059901,47.50766695,-2.193958137,0.448480976,-4.891975919,9.98E-07,9.30E-05,chr10,61197111,61273438,-,protein_coding,Adamts14
ENSMUSG00000070501,269.29336,1.18678487,0.242674084,4.890447514,1.01E-06,9.31E-05,chr1,173519716,173535957,-,protein_coding,Ifi214
ENSMUSG00000107955,24.8596777,2.281821387,0.467226324,4.883760335,1.04E-06,9.51E-05,chr2,39178561,39182041,-,TEC,Gm44027
ENSMUSG00000022114,28.0663439,-2.293286524,0.46959725,-4.883517793,1.04E-06,9.51E-05,chr14,105891946,105896819,-,protein_coding,Spry2
ENSMUSG00000095217,259.3662445,1.650465393,0.338620311,4.874088581,1.09E-06,9.91E-05,chr13,21754122,21754503,+,protein_coding,Hist1h2bn
ENSMUSG00000030149,537.5169109,-1.302867382,0.267485632,-4.870793883,1.11E-06,0.000100051,chr6,129610322,129623864,-,protein_coding,Klrk1
ENSMUSG00000109536,337.0544095,1.180293584,0.243149788,4.85418307,1.21E-06,0.000107361,chr7,59223846,59254788,-,TEC,9330162G02Rik
ENSMUSG00000102212,476.5615915,1.074147421,0.221242181,4.855075168,1.20E-06,0.000107361,chr17,51757294,51761621,-,TEC,C230085N15Rik
ENSMUSG00000109498,136.6773436,1.577929656,0.325359897,4.849797622,1.24E-06,0.000109035,chr7,90145947,90150254,+,TEC,Gm45222
ENSMUSG00000000627,158.6628718,-1.478757674,0.305096949,-4.846845176,1.25E-06,0.000109942,chr6,82911884,82939769,-,protein_coding,Sema4f
ENSMUSG00000033849,92.6896092,1.770151136,0.365514169,4.842907026,1.28E-06,0.000110688,chr1,143640663,143654614,+,protein_coding,B3galt2
ENSMUSG00000114605,26.69718414,2.249569753,0.464417489,4.843852365,1.27E-06,0.000110688,chr13,78112481,78116319,+,TEC,C130051F05Rik
ENSMUSG00000000303,135.9669607,-1.658022147,0.342648337,-4.838844867,1.31E-06,0.000112245,chr8,106603350,106670246,+,protein_coding,Cdh1
ENSMUSG00000103676,13.58396038,-2.293032544,0.474543325,-4.8320826,1.35E-06,0.000114647,chr1,170973372,170977746,+,antisense,Gm38204
ENSMUSG00000065287,543.7394453,-1.17996177,0.24418394,-4.832266076,1.35E-06,0.000114647,chr2,130276236,130276369,+,snoRNA,Gm24451
ENSMUSG00000067235,112.8447388,-1.900894697,0.393629338,-4.829148928,1.37E-06,0.000115613,chr17,35470088,35474563,+,protein_coding,H2-Q10
ENSMUSG00000034311,87.47010227,1.866715892,0.386750496,4.826667085,1.39E-06,0.000116326,chrX,100625736,100727214,+,protein_coding,Kif4
ENSMUSG00000058975,237.4520668,-1.504573014,0.311833942,-4.824917409,1.40E-06,0.000116619,chr7,46396496,46438704,+,protein_coding,Kcnc1
ENSMUSG00000077254,356.710068,-1.116363828,0.231899111,-4.814006491,1.48E-06,0.000122408,chr5,110692048,110692181,-,snoRNA,Gm26079
ENSMUSG00000076463,125.526988,1.749782322,0.36399677,4.807136943,1.53E-06,0.000125907,chr6,41048289,41048828,+,TR_V_gene,Trbv3
ENSMUSG00000009633,161.9935889,-1.294862398,0.269739637,-4.800415731,1.58E-06,0.000129409,chr1,193272160,193273217,-,protein_coding,G0s2
ENSMUSG00000017830,178.5727949,1.425284223,0.297401073,4.792464967,1.65E-06,0.000133675,chr11,100694883,100704271,-,protein_coding,Dhx58
ENSMUSG00000034591,16.41145783,-2.282802047,0.476638077,-4.78938246,1.67E-06,0.00013426,chr10,83230847,83337882,-,protein_coding,Slc41a2
ENSMUSG00000056144,189.6002875,1.320524146,0.275888605,4.786439611,1.70E-06,0.00013462,chr7,104244456,104262234,+,protein_coding,Trim34a
ENSMUSG00000051839,39.18488099,2.258980268,0.471945266,4.786530201,1.70E-06,0.00013462,chr8,80493780,80510542,+,protein_coding,Gypa
ENSMUSG00000051278,111.1814172,1.548275538,0.323724322,4.782697594,1.73E-06,0.00013634,chr3,127553488,127618023,+,protein_coding,Zgrf1
ENSMUSG00000031628,163.37727,1.616123798,0.338964781,4.767822166,1.86E-06,0.000145937,chr8,46617290,46639689,+,protein_coding,Casp3
ENSMUSG00000102642,180.7196468,1.59311962,0.334895077,4.757070886,1.96E-06,0.000153026,chr1,54913844,54916594,-,TEC,A130048G24Rik
ENSMUSG00000102992,60.90573936,1.941615279,0.408772658,4.749865827,2.04E-06,0.000157658,chr2,11227296,11229863,+,TEC,Gm37766
ENSMUSG00000104488,96.6456344,1.802736239,0.38007338,4.743126806,2.10E-06,0.000162054,chr1,80728808,80730664,-,TEC,Gm38062
ENSMUSG00000054206,484.6083151,-1.207787558,0.255628583,-4.724775074,2.30E-06,0.000176379,chr10,79689019,79695261,+,protein_coding,Gzmm
ENSMUSG00000026826,19.42810356,2.249068654,0.476432254,4.720647346,2.35E-06,0.000178395,chr2,57106829,57124003,-,protein_coding,Nr4a2
ENSMUSG00000076612,75.8143967,-1.778577891,0.376806152,-4.720140265,2.36E-06,0.000178395,chr12,113285324,113288932,-,IG_C_gene,Ighg2c
ENSMUSG00000107118,33.66167155,2.091766612,0.444395706,4.70699105,2.51E-06,0.000188463,chr5,129945579,129948964,+,TEC,Gm42986
ENSMUSG00000069267,141.6418032,1.772154715,0.376520904,4.706656907,2.52E-06,0.000188463,chr13,23752266,23752886,+,protein_coding,Hist1h3b
ENSMUSG00000076480,47.6104863,2.004706953,0.426486845,4.700512986,2.60E-06,0.000193138,chr6,41271393,41271881,+,TR_V_gene,Trbv29
ENSMUSG00000114761,27.69966612,2.177616913,0.463513588,4.698064892,2.63E-06,0.000194381,chr19,12539587,12540823,-,lincRNA,Gm47242
ENSMUSG00000110928,36.38901889,2.130303284,0.453635315,4.696070196,2.65E-06,0.000194906,chr9,40363216,40366902,-,TEC,Gm48114
ENSMUSG00000033965,61.58543625,-1.993709088,0.425547527,-4.685044468,2.80E-06,0.000201558,chrX,103697413,103821983,-,protein_coding,Slc16a2
ENSMUSG00000092819,354.6919699,-1.042496978,0.22247672,-4.685869956,2.79E-06,0.000201558,chr18,33795163,33795295,+,snoRNA,Gm23639
ENSMUSG00000026879,61.80792913,1.820631876,0.388723294,4.683619184,2.82E-06,0.000201874,chr2,35256379,35307892,+,protein_coding,Gsn
ENSMUSG00000097705,345.6367158,1.239241166,0.265390688,4.669497538,3.02E-06,0.000213958,chr10,22187012,22302835,-,antisense,Gm26740
ENSMUSG00000021573,33.17668711,-2.024270735,0.434044633,-4.66373866,3.11E-06,0.000217721,chr13,74009418,74035753,+,protein_coding,Tppp
ENSMUSG00000077709,644.0074071,-1.199581737,0.257206621,-4.663883586,3.10E-06,0.000217721,chr17,24720771,24720905,+,snoRNA,Snora64
ENSMUSG00000113140,25.77703444,2.150120241,0.461854016,4.655410947,3.23E-06,0.000225522,chr13,17754515,17757325,-,TEC,Gm48624
ENSMUSG00000091144,284.5993949,1.206462538,0.259393369,4.651092437,3.30E-06,0.000229098,chr14,59380832,59395381,-,protein_coding,Phf11c
ENSMUSG00000071547,23.74413216,2.178478153,0.470079312,4.634277873,3.58E-06,0.000247241,chr14,31131052,31139124,+,protein_coding,Nt5dc2
ENSMUSG00000052928,45.15597456,-1.939102638,0.418569927,-4.632685041,3.61E-06,0.000247867,chr18,75431223,75697696,-,protein_coding,Ctif
ENSMUSG00000031618,22.71106388,-2.121526182,0.459326345,-4.618777484,3.86E-06,0.000262367,chr8,76899441,77245012,+,protein_coding,Nr3c2
ENSMUSG00000034459,309.4033685,1.432419527,0.310457664,4.613896494,3.95E-06,0.000267244,chr19,34640870,34650009,+,protein_coding,Ifit1
ENSMUSG00000051910,44.66886978,2.106528406,0.456775876,4.611733059,3.99E-06,0.000268678,chr7,115470871,116038744,-,protein_coding,Sox6
ENSMUSG00000003559,145.911867,-1.310133611,0.284151954,-4.61067957,4.01E-06,0.000268686,chr19,46707442,46741095,+,protein_coding,As3mt
ENSMUSG00000025278,363.6917853,-1.125834097,0.245958249,-4.577338238,4.71E-06,0.000309051,chr14,7817956,7951588,+,protein_coding,Flnb
ENSMUSG00000045038,173.3238173,-1.429210118,0.312122502,-4.579003785,4.67E-06,0.000309051,chr17,86167784,86657919,+,protein_coding,Prkce
ENSMUSG00000032601,355.2052869,-1.190889663,0.260560573,-4.570490646,4.87E-06,0.000317758,chr9,108689313,108750436,+,protein_coding,Prkar2a
ENSMUSG00000041757,137.0466582,-1.514436902,0.332263239,-4.557942998,5.17E-06,0.000329889,chr1,133164209,133303435,+,protein_coding,Plekha6
ENSMUSG00000027715,153.7582708,1.783663274,0.391450735,4.556545982,5.20E-06,0.000329889,chr3,36564864,36572150,-,protein_coding,Ccna2
ENSMUSG00000034612,443.1566937,-1.194854767,0.262031085,-4.559973353,5.12E-06,0.000329889,chr10,82985497,83195900,+,protein_coding,Chst11
ENSMUSG00000021756,1198.603584,1.08052355,0.237068214,4.557859246,5.17E-06,0.000329889,chr13,112464069,112510086,+,protein_coding,Il6st
ENSMUSG00000054072,102.0758677,1.709363859,0.37511568,4.556897905,5.19E-06,0.000329889,chr18,60376028,60392627,+,protein_coding,Iigp1
ENSMUSG00000065259,141.09481,-1.285837871,0.282305641,-4.554772142,5.24E-06,0.000331108,chr7,127527873,127528003,+,snoRNA,Snora30
ENSMUSG00000056145,380.1349496,1.018833342,0.22384769,4.551457933,5.33E-06,0.000334781,chr3,107039503,107054347,+,lincRNA,AI504432
ENSMUSG00000024277,421.3906593,-1.002859614,0.221169136,-4.534356069,5.78E-06,0.000361379,chr18,23752332,23893861,+,protein_coding,Mapre2
ENSMUSG00000108129,45.08924111,1.938836211,0.428019611,4.529783588,5.90E-06,0.000367564,chr6,125265475,125287286,+,processed_transcript,4930417O13Rik
ENSMUSG00000027469,171.8295878,1.519250401,0.335579549,4.527243707,5.98E-06,0.000370277,chr2,152847963,152895321,+,protein_coding,Tpx2
ENSMUSG00000031137,431.8304971,-1.013915967,0.224109823,-4.524192435,6.06E-06,0.00037392,chrX,59062144,59568071,-,protein_coding,Fgf13
ENSMUSG00000076922,109.6047437,1.508335987,0.333754025,4.519304265,6.20E-06,0.000380894,chr14,54212687,54212749,+,TR_J_gene,Traj6
ENSMUSG00000063810,129.219522,1.432394848,0.317251595,4.515012282,6.33E-06,0.00038514,chr6,85587530,85702753,+,protein_coding,Alms1
ENSMUSG00000064751,204.9038774,-1.120416054,0.248822948,-4.502864638,6.70E-06,0.000402322,chr4,117155185,117155289,-,snoRNA,Gm26330
ENSMUSG00000022034,40.81197954,2.03436618,0.451730881,4.503491493,6.68E-06,0.000402322,chr14,65819037,65833994,-,protein_coding,Esco2
ENSMUSG00000021714,27.61787109,2.057384997,0.456787426,4.50403159,6.67E-06,0.000402322,chr13,104228954,104249617,+,protein_coding,Cenpk
ENSMUSG00000015143,697.6461284,1.068847412,0.238683391,4.47809714,7.53E-06,0.000449909,chr12,80167546,80260371,-,protein_coding,Actn1
ENSMUSG00000105986,147.4759714,1.304229191,0.291486494,4.474406942,7.66E-06,0.000455706,chr3,103864705,103866797,+,sense_intronic,Gm43065
ENSMUSG00000028042,55.29766179,-1.732474711,0.387677028,-4.468860897,7.86E-06,0.000465602,chr3,89377643,89393678,-,protein_coding,Zbtb7b
ENSMUSG00000102939,31.92402836,2.023177094,0.453004963,4.466125673,7.96E-06,0.000467437,chr9,71896712,71899453,-,TEC,Gm38111
ENSMUSG00000024130,108.5991041,1.40814618,0.31522929,4.467053749,7.93E-06,0.000467437,chr17,24352022,24410201,+,protein_coding,Abca3
ENSMUSG00000042121,576.7077388,-1.101962464,0.247231046,-4.457217178,8.30E-06,0.000480927,chr5,113937093,113993894,-,protein_coding,Ssh1
ENSMUSG00000060586,65.31562177,-2.003177011,0.450053875,-4.450971588,8.55E-06,0.000492987,chr17,34305876,34316199,+,protein_coding,H2-Eb1
ENSMUSG00000021217,41.96167679,-1.923077534,0.432182633,-4.449687206,8.60E-06,0.000493807,chr7,36698117,36773553,+,protein_coding,Tshz3
ENSMUSG00000077167,1184.167892,-1.048733532,0.235771899,-4.448085361,8.66E-06,0.000495367,chr10,91118290,91118536,-,snoRNA,Gm24119
ENSMUSG00000112417,43.50569396,1.928477589,0.434847488,4.434836677,9.21E-06,0.00052458,chr10,122756437,122758410,-,TEC,A430028G04Rik
ENSMUSG00000049044,243.2334444,1.165389578,0.26325331,4.426875313,9.56E-06,0.000541995,chr2,71981239,72257474,+,protein_coding,Rapgef4
ENSMUSG00000031262,29.64809688,2.059600283,0.466240073,4.417467314,9.99E-06,0.000557959,chrX,134308083,134362639,+,protein_coding,Cenpi
ENSMUSG00000021678,524.5547073,-1.013169815,0.229539647,-4.413920765,1.02E-05,0.000563494,chr13,95511731,95525227,-,protein_coding,F2rl1
ENSMUSG00000040694,49.11300559,-1.715356218,0.389677082,-4.401994107,1.07E-05,0.000592915,chr17,48419230,48432728,-,protein_coding,Apobec2
ENSMUSG00000027346,314.4492171,1.07299528,0.243850379,4.400219857,1.08E-05,0.000595313,chr2,132529081,132587729,-,protein_coding,Gpcpd1
ENSMUSG00000099757,511.1151811,1.194814205,0.271980029,4.393021837,1.12E-05,0.000612844,chr19,11470165,11484578,-,processed_transcript,BE692007
ENSMUSG00000036168,26.12674856,-1.99508522,0.454643624,-4.388239741,1.14E-05,0.000623905,chr10,93540631,93584327,+,protein_coding,Ccdc38
ENSMUSG00000050179,18.56079897,2.090562967,0.476781532,4.384739816,1.16E-05,0.000631433,chr3,107090879,107098401,+,lincRNA,A930002I21Rik
ENSMUSG00000104340,11.83151033,-2.061437377,0.47041399,-4.382177022,1.17E-05,0.000633735,chr1,170981943,170986466,+,lincRNA,Gm10522
ENSMUSG00000030930,95.60797762,1.490431725,0.340071838,4.382696702,1.17E-05,0.000633735,chr7,132235779,132317228,-,protein_coding,Chst15
ENSMUSG00000089809,29.73997531,-1.989969113,0.454247833,-4.380800456,1.18E-05,0.000635181,chr5,99217425,99729062,-,protein_coding,Rasgef1b
ENSMUSG00000105677,61.70068375,1.659758748,0.379361579,4.375136655,1.21E-05,0.000649281,chr3,105732443,105733877,-,sense_intronic,Gm43328
ENSMUSG00000006800,21.34590391,-2.031287888,0.464704851,-4.371135534,1.24E-05,0.000654713,chr2,166073088,166155663,-,protein_coding,Sulf2
ENSMUSG00000038780,338.2225093,-1.035782287,0.236939993,-4.371496226,1.23E-05,0.000654713,chr5,144876494,144965847,-,protein_coding,Smurf1
ENSMUSG00000046410,36.66929795,-1.838663927,0.420679041,-4.370704854,1.24E-05,0.000654713,chr7,29221925,29232515,-,protein_coding,Kcnk6
ENSMUSG00000057219,900.7137266,-1.015681033,0.233683149,-4.346402538,1.38E-05,0.00072175,chr11,115475666,115490467,+,protein_coding,Armc7
ENSMUSG00000020641,134.2395738,1.602174972,0.368549731,4.347242279,1.38E-05,0.00072175,chr12,26442745,26456452,-,protein_coding,Rsad2
ENSMUSG00000022607,65.76290703,-1.831090148,0.421335558,-4.345918863,1.39E-05,0.00072175,chr15,73205101,73423280,-,protein_coding,Ptk2
ENSMUSG00000103238,47.38575542,1.78618497,0.411538989,4.340256976,1.42E-05,0.000737718,chr1,151496556,151499585,-,TEC,Gm36527
ENSMUSG00000101972,43.75568505,1.925627598,0.443913242,4.337846714,1.44E-05,0.000740093,chr13,21782959,21783370,-,protein_coding,Hist1h3i
ENSMUSG00000039396,40.50842835,1.848000273,0.426229899,4.335688976,1.45E-05,0.000744517,chr8,53586866,53639065,-,protein_coding,Neil3
ENSMUSG00000034206,122.3590453,1.633914102,0.377198676,4.331706881,1.48E-05,0.000755209,chr16,37011785,37095417,+,protein_coding,Polq
ENSMUSG00000045777,347.6184097,-1.17784035,0.272161738,-4.327722034,1.51E-05,0.000766063,chr7,142326109,142373753,-,protein_coding,Ifitm10
ENSMUSG00000087963,96.43908782,-1.443388707,0.335297303,-4.30480261,1.67E-05,0.000846604,chr13,49684300,49684433,+,snoRNA,Gm25394
ENSMUSG00000039046,63.48916015,1.747762876,0.407459312,4.289416948,1.79E-05,0.000900581,chr2,6322666,6446390,+,protein_coding,Usp6nl
ENSMUSG00000030523,16.38394877,2.045296008,0.476745881,4.290117837,1.79E-05,0.000900581,chr7,64153834,64269775,+,protein_coding,Trpm1
ENSMUSG00000031162,41.71259182,2.019600991,0.472317122,4.275942784,1.90E-05,0.000946788,chrX,7959259,7978071,-,protein_coding,Gata1
ENSMUSG00000045659,44.38421297,-1.696995607,0.396885303,-4.275783443,1.90E-05,0.000946788,chr7,116123484,116308376,-,protein_coding,Plekha7
ENSMUSG00000097295,302.6164363,1.194971125,0.279386178,4.277130429,1.89E-05,0.000946788,chr10,22262741,22263367,-,processed_pseudogene,Hmgb1-ps8
ENSMUSG00000015880,112.8592556,1.592016001,0.372659816,4.272035597,1.94E-05,0.000959266,chr5,45669918,45700546,+,protein_coding,Ncapg
ENSMUSG00000103591,45.73462016,1.791972582,0.4207826,4.258666069,2.06E-05,0.001014694,chr1,87897539,87900532,+,TEC,Gm38365
ENSMUSG00000071203,64.25768571,-1.534629015,0.360756671,-4.253917219,2.10E-05,0.001032642,chr13,100211738,100246323,-,protein_coding,Naip5
ENSMUSG00000065687,121.8909614,-1.353397477,0.319515651,-4.235778345,2.28E-05,0.001110035,chr1,127375130,127375239,+,snoRNA,Gm23734
ENSMUSG00000109408,47.96948571,1.700617986,0.401572045,4.234901328,2.29E-05,0.001110035,chr11,119448787,119491298,-,processed_transcript,A930037H05Rik
ENSMUSG00000100426,57.07157058,-1.870429227,0.441985463,-4.231879512,2.32E-05,0.001114559,chr1,62821354,62832370,-,lincRNA,Gm4208
ENSMUSG00000005225,36.4023497,-1.859675635,0.439427485,-4.232042147,2.32E-05,0.001114559,chr6,54595110,54645839,+,protein_coding,Plekha8
ENSMUSG00000030789,220.6131601,-1.250164684,0.296398328,-4.217853357,2.47E-05,0.001173474,chr7,128129546,128150657,+,protein_coding,Itgax
ENSMUSG00000034586,472.0935414,-1.01029881,0.239731291,-4.214296797,2.51E-05,0.001187875,chr11,115347706,115367756,-,protein_coding,Hid1
ENSMUSG00000103094,109.2485723,1.444625642,0.342945691,4.212403531,2.53E-05,0.001193631,chr3,69119741,69122724,-,TEC,Gm37558
ENSMUSG00000021362,18.88577077,-2.005391645,0.476718708,-4.206656065,2.59E-05,0.001220056,chr13,41101427,41111035,-,protein_coding,Gcm2
ENSMUSG00000009293,246.459306,-1.066611276,0.253932197,-4.200378242,2.66E-05,0.001249967,chr10,77622274,77645993,+,protein_coding,Ube2g2
ENSMUSG00000026932,32.25314186,-1.816303985,0.432989135,-4.194802685,2.73E-05,0.001276618,chr2,26055534,26122818,-,protein_coding,Nacc2
ENSMUSG00000102503,62.30422669,1.606500877,0.383331213,4.190895033,2.78E-05,0.001294266,chr1,54737165,54738575,-,TEC,Gm37370
ENSMUSG00000097108,29.01173095,1.886750047,0.451005399,4.183431174,2.87E-05,0.001328231,chr10,22212652,22217241,+,lincRNA,Gm26581
ENSMUSG00000028134,158.9160974,1.183128748,0.282911339,4.181977116,2.89E-05,0.001332131,chr3,119718741,119783804,-,protein_coding,Ptbp2
ENSMUSG00000046169,157.2542579,1.219469982,0.292260247,4.172548249,3.01E-05,0.00137895,chr13,104287872,104496592,+,protein_coding,Adamts6
ENSMUSG00000036800,31.98978696,-1.910065152,0.460233063,-4.150212809,3.32E-05,0.001505143,chr15,71431608,71727838,-,protein_coding,Fam135b
ENSMUSG00000081219,16.10472279,1.973142965,0.476460949,4.141248026,3.45E-05,0.001552155,chr2,122466934,122467526,-,processed_pseudogene,Bambi-ps1
ENSMUSG00000022263,528.0659178,-1.014093965,0.244900559,-4.140839728,3.46E-05,0.001552155,chr15,27730650,28025848,-,protein_coding,Trio
ENSMUSG00000034659,142.9198548,-1.147000026,0.277457023,-4.133973664,3.57E-05,0.001593921,chr19,10870659,10882001,-,protein_coding,Tmem109
ENSMUSG00000048852,95.73553454,1.39036041,0.336437931,4.132591133,3.59E-05,0.001598179,chr11,48904655,48992226,-,protein_coding,Gm12185
ENSMUSG00000021782,253.1905971,-1.960105834,0.475368511,-4.123339659,3.73E-05,0.001657739,chr14,24133952,24245920,-,protein_coding,Dlg5
ENSMUSG00000094694,22.17538266,-1.944335791,0.471623819,-4.122641206,3.75E-05,0.001657739,chr12,114583568,114584002,-,IG_V_gene,Ighv1-9
ENSMUSG00000095574,92.51394399,1.601658034,0.388890919,4.118527734,3.81E-05,0.00168139,chr6,41113549,41114067,+,TR_V_gene,Trbv12-1
ENSMUSG00000102973,229.9858064,1.168633457,0.283796889,4.117851543,3.82E-05,0.00168139,chr17,51745528,51748684,-,TEC,E430014B02Rik
ENSMUSG00000114279,84.78870849,1.573353273,0.382340118,4.115061957,3.87E-05,0.001696256,chr13,21722043,21722567,+,protein_coding,Hist1h2bm
ENSMUSG00000109045,42.4337874,1.741939751,0.424007182,4.108278882,3.99E-05,0.001734908,chr7,118229400,118231357,-,TEC,Gm45084
ENSMUSG00000017499,93.68092484,1.629471781,0.396697397,4.107593835,4.00E-05,0.001734908,chr11,98907800,98923936,+,protein_coding,Cdc6
ENSMUSG00000024187,164.4838322,-1.154963634,0.281177633,-4.107594268,4.00E-05,0.001734908,chr17,26211821,26244223,-,protein_coding,Fam234a
ENSMUSG00000025001,368.7425139,1.028313485,0.251186884,4.093818386,4.24E-05,0.001829411,chr19,38930914,38971051,+,protein_coding,Hells
ENSMUSG00000042029,200.3873493,1.46303669,0.357467693,4.092780179,4.26E-05,0.001831697,chr12,116405401,116461611,+,protein_coding,Ncapg2
ENSMUSG00000055322,70.41901892,1.57976134,0.3864275,4.088118316,4.35E-05,0.001850976,chr1,73910230,74124449,-,protein_coding,Tns1
ENSMUSG00000038871,161.6236063,-1.141346975,0.279577947,-4.082392714,4.46E-05,0.001891147,chr6,34476206,34505613,+,protein_coding,Bpgm
ENSMUSG00000067220,35.8870585,1.864238938,0.456978463,4.079489713,4.51E-05,0.001908838,chr5,72603695,72642752,-,protein_coding,Cnga1
ENSMUSG00000038776,97.43224929,1.664080866,0.408327289,4.075360408,4.59E-05,0.001936881,chr1,180976209,181020904,-,protein_coding,Ephx1
ENSMUSG00000096606,20.6118506,-1.918756938,0.471848253,-4.066470371,4.77E-05,0.002005888,chr7,99624081,99627103,-,protein_coding,Tpbgl
ENSMUSG00000030867,42.69912061,1.812981609,0.447710636,4.049449496,5.13E-05,0.002143179,chr7,122159438,122169873,+,protein_coding,Plk1
ENSMUSG00000097352,161.2975469,1.122342728,0.277303433,4.047345237,5.18E-05,0.002143179,chr10,22306701,22321765,+,transcribed_unprocessed_pseudogene,C920009B18Rik
ENSMUSG00000114253,36.71402733,1.753726127,0.433297758,4.047392574,5.18E-05,0.002143179,chr14,16304510,16308325,+,sense_intronic,Gm47798
ENSMUSG00000102744,213.4338488,1.194680443,0.2951337,4.047929617,5.17E-05,0.002143179,chr17,51791469,51793461,-,TEC,5830444F18Rik
ENSMUSG00000102151,118.1475402,1.230814858,0.304921981,4.036491083,5.43E-05,0.002230883,chr14,61677442,61681494,-,TEC,Gm37472
ENSMUSG00000089255,163.1555444,-1.139667366,0.282533824,-4.033737804,5.49E-05,0.00224335,chr17,24719675,24719803,-,snoRNA,Snora78
ENSMUSG00000112881,15.16858758,1.918821732,0.476152366,4.029848151,5.58E-05,0.002273821,chr10,116566781,116568031,+,TEC,AC139376.1
ENSMUSG00000109279,87.71888406,1.37379152,0.341427056,4.023675034,5.73E-05,0.002306591,chr7,90201277,90203786,+,TEC,Gm45220
ENSMUSG00000111086,46.63302535,1.755243437,0.436234655,4.02362219,5.73E-05,0.002306591,chr10,42886704,42888797,-,lincRNA,Gm48671
ENSMUSG00000065899,279.7622437,-1.095763185,0.272313264,-4.023906767,5.72E-05,0.002306591,chr15,34440790,34440922,-,snoRNA,Gm24523
ENSMUSG00000102844,66.70262149,1.499624367,0.372999124,4.0204501,5.81E-05,0.002323831,chr3,52282240,52284309,+,TEC,Gm38034
ENSMUSG00000065126,126.4401932,-1.197326734,0.297803399,-4.02052743,5.81E-05,0.002323831,chr11,106500992,106501062,+,snoRNA,Snord104
ENSMUSG00000030352,127.0429082,-1.457165542,0.362661863,-4.017972916,5.87E-05,0.002341359,chr6,127961395,128143563,-,protein_coding,Tspan9
ENSMUSG00000037572,189.5231778,1.385368004,0.345374294,4.011207625,6.04E-05,0.002402293,chr14,47240943,47276857,-,protein_coding,Wdhd1
ENSMUSG00000069516,72.90348058,-1.716242775,0.42845758,-4.005630557,6.19E-05,0.002445091,chr10,117277330,117282321,-,protein_coding,Lyz2
ENSMUSG00000097233,29.9976261,1.811021114,0.452215456,4.004774917,6.21E-05,0.002446698,chr19,4169565,4174284,+,lincRNA,Gm17552
ENSMUSG00000112822,22.53497565,1.882463963,0.470331752,4.002417349,6.27E-05,0.002463924,chr10,115394749,115397884,+,TEC,A130012E19Rik
ENSMUSG00000065124,295.8600019,-1.113978719,0.278406863,-4.001261708,6.30E-05,0.002464185,chr2,32963290,32963420,+,snoRNA,Snora65
ENSMUSG00000031461,13.59185869,-1.906126573,0.476593815,-3.999478201,6.35E-05,0.00247284,chr8,15057652,15133541,+,protein_coding,Myom2
ENSMUSG00000072721,36.98317404,-1.741424142,0.435537913,-3.998329627,6.38E-05,0.002477623,chr6,130148798,130162569,-,transcribed_unprocessed_pseudogene,Klra14-ps
ENSMUSG00000065304,180.3475994,-1.105108328,0.276525327,-3.996409083,6.43E-05,0.00248332,chr5,129789538,129789673,+,snoRNA,Gm23245
ENSMUSG00000037788,235.4875266,-1.004175096,0.251249769,-3.996720473,6.42E-05,0.00248332,chr6,57727806,57825159,-,protein_coding,Vopp1
ENSMUSG00000029135,251.5244909,-1.074256174,0.26913889,-3.991456508,6.57E-05,0.002521149,chr5,32135800,32157842,+,protein_coding,Fosl2
ENSMUSG00000013236,141.8635509,1.296026269,0.324769364,3.990605072,6.59E-05,0.002522947,chr17,56412425,56476483,-,protein_coding,Ptprs
ENSMUSG00000113326,41.04849279,1.755378435,0.440221632,3.987487906,6.68E-05,0.002548991,chr13,63244220,63246248,+,TEC,Gm47586
ENSMUSG00000048120,145.4476316,-1.378332153,0.345829428,-3.985583769,6.73E-05,0.00255488,chr19,40612396,40741602,+,protein_coding,Entpd1
ENSMUSG00000038352,232.4599398,1.01485346,0.254700777,3.984492984,6.76E-05,0.002559351,chr11,97989577,97996181,-,protein_coding,Arl5c
ENSMUSG00000107586,31.6553414,1.748640677,0.440024811,3.973959274,7.07E-05,0.002657136,chr2,38015217,38019167,-,TEC,Gm44283
ENSMUSG00000030847,44.31375434,-1.63571284,0.411552001,-3.974498569,7.05E-05,0.002657136,chr7,128523615,128546981,+,protein_coding,Bag3
ENSMUSG00000104432,55.01380668,1.57309347,0.395890241,3.973559603,7.08E-05,0.002657136,chr9,72011375,72013019,-,TEC,A430027C01Rik
ENSMUSG00000116433,162.6275566,1.242394306,0.314334298,3.952461797,7.74E-05,0.002878418,chr15,80640457,80642408,+,TEC,AC147041.2
ENSMUSG00000070167,245.3163332,-1.051275728,0.266289984,-3.94786057,7.89E-05,0.002926116,chr19,8888537,8888685,-,snoRNA,Snora57
ENSMUSG00000043439,112.8929991,-1.242898337,0.315164397,-3.943650828,8.03E-05,0.002961487,chr11,97627388,97629702,-,protein_coding,Epop
ENSMUSG00000037979,130.1133429,-1.239038869,0.31425377,-3.942797148,8.05E-05,0.002962898,chr5,124834417,124862424,-,protein_coding,Ccdc92
ENSMUSG00000084760,98.77010785,1.2914521,0.32815377,3.935508958,8.30E-05,0.003038462,chr3,103863165,103864423,+,sense_intronic,Gm15472
ENSMUSG00000046798,12.50499595,-1.871816922,0.476074408,-3.93177388,8.43E-05,0.003077614,chr5,5505014,5514873,-,protein_coding,Cldn12
ENSMUSG00000079481,33.60481775,-1.741358153,0.444183465,-3.92035789,8.84E-05,0.003209533,chrX,101849384,102092055,+,protein_coding,Nhsl2
ENSMUSG00000022280,223.315645,1.13717153,0.290699306,3.91184811,9.16E-05,0.003315749,chr15,36239932,36283147,-,protein_coding,Rnf19a
ENSMUSG00000049191,10.30859374,-1.834651856,0.469154485,-3.91054954,9.21E-05,0.003324592,chrX,102066543,102071304,-,protein_coding,Rtl5
ENSMUSG00000104724,39.40814737,1.634848454,0.418213432,3.909124691,9.26E-05,0.003335222,chr3,138976311,138978081,-,TEC,Gm43162
ENSMUSG00000055897,78.41664169,1.338741288,0.343333271,3.899247183,9.65E-05,0.003455563,chr2,173579319,173659640,-,transcribed_unprocessed_pseudogene,Ppp4r1l-ps
ENSMUSG00000044177,132.9636715,-1.47473789,0.378337446,-3.897943237,9.70E-05,0.003464904,chr11,94235955,94242707,-,protein_coding,Wfikkn2
ENSMUSG00000108633,69.78237318,1.485015391,0.38141759,3.893410868,9.88E-05,0.003489455,chr7,75707884,75709182,+,TEC,Gm44694
ENSMUSG00000025359,50.18663509,1.656883314,0.425374526,3.895116451,9.82E-05,0.003489455,chr10,128704194,128720238,+,protein_coding,Pmel
ENSMUSG00000090584,14.73953866,1.856165982,0.476792282,3.893028579,9.90E-05,0.003489455,chr8,81790557,81790908,-,processed_pseudogene,Gm17169
ENSMUSG00000102721,131.1975381,1.225240796,0.315390335,3.884839391,0.000102398,0.003580421,chr1,80747221,80749054,-,TEC,A630081D01Rik
ENSMUSG00000038648,55.62271246,-1.449192867,0.372958828,-3.885664472,0.00010205,0.003580421,chr6,37327254,37442146,-,protein_coding,Creb3l2
ENSMUSG00000030852,55.34045859,1.502169024,0.386871604,3.882861928,0.000103234,0.003600225,chr7,130577437,130764785,+,protein_coding,Tacc2
ENSMUSG00000035133,159.8031161,-1.172230102,0.302113633,-3.880096675,0.000104415,0.003622438,chr12,52504015,52571975,+,protein_coding,Arhgap5
ENSMUSG00000029322,422.906625,1.144279391,0.295761476,3.868926426,0.000109316,0.003763056,chr5,100553724,100572245,-,protein_coding,Plac8
ENSMUSG00000065272,146.6708982,-1.101531396,0.284940707,-3.865826714,0.000110714,0.003791583,chr2,130278015,130278087,+,snoRNA,Snord57
ENSMUSG00000114193,55.3851307,1.613983483,0.417755691,3.863462585,0.000111791,0.003811533,chr13,96605676,96609591,+,TEC,Gm48139
ENSMUSG00000020638,107.129722,1.426331209,0.369200807,3.863293855,0.000111868,0.003811533,chr12,26469203,26479837,+,protein_coding,Cmpk2
ENSMUSG00000025876,100.0831557,-1.523081471,0.395047159,-3.855442162,0.000115521,0.003925934,chr13,54949410,55006018,+,protein_coding,Unc5a
ENSMUSG00000026779,31.82818662,1.739563679,0.451490209,3.852937767,0.000116709,0.003946188,chr2,23115605,23156024,-,protein_coding,Mastl
ENSMUSG00000089829,49.70522124,1.556590165,0.404515344,3.848037384,0.000119068,0.004005612,chr1,165781074,165789367,+,processed_transcript,Gm16565
ENSMUSG00000047534,58.22372808,1.633701421,0.424815959,3.84566866,0.000120224,0.004034322,chr12,65132733,65172599,-,protein_coding,Mis18bp1
ENSMUSG00000004633,15.02495475,1.830035454,0.476728795,3.83873488,0.00012367,0.004139523,chr6,54039572,54301810,+,protein_coding,Chn2
ENSMUSG00000111971,108.0535513,1.22021616,0.318196017,3.834793942,0.00012567,0.004195916,chr12,4595339,4655888,-,antisense,Gm48678
ENSMUSG00000039236,88.98075375,1.420338946,0.370487336,3.833704447,0.000126228,0.004204017,chr7,78913423,78920396,+,protein_coding,Isg20
ENSMUSG00000021457,65.26553347,-1.652932501,0.431359206,-3.831916599,0.000127149,0.004224132,chr13,52583172,52648792,+,protein_coding,Syk
ENSMUSG00000015243,377.2785836,-1.068963425,0.279295546,-3.827355795,0.000129527,0.004260646,chr4,53030786,53159895,-,protein_coding,Abca1
ENSMUSG00000107647,16.44009578,1.823956168,0.47655271,3.827396486,0.000129506,0.004260646,chr6,52560551,52563234,+,TEC,Gm44445
ENSMUSG00000000142,330.4665068,-1.049131395,0.274223904,-3.825820354,0.000130337,0.004266225,chr11,108920348,108950783,+,protein_coding,Axin2
ENSMUSG00000030447,97.06886039,-1.408037731,0.368309767,-3.822971471,0.000131853,0.004273835,chr7,55842070,55932602,+,protein_coding,Cyfip1
ENSMUSG00000064945,248.7385883,-1.045872835,0.273959425,-3.817619474,0.000134746,0.004346441,chr6,47781623,47781725,+,misc_RNA,Rny3
ENSMUSG00000077611,253.493672,-1.013704983,0.265997189,-3.810961255,0.000138427,0.004454422,chr14,32191853,32192050,-,snoRNA,Gm23946
ENSMUSG00000046591,58.13440003,1.484866623,0.390060906,3.806755817,0.000140802,0.004519902,chr7,79660195,79698148,+,protein_coding,Ticrr
ENSMUSG00000037855,44.15742904,1.652846411,0.435895543,3.791840587,0.000149535,0.004788711,chr10,67886102,67912662,-,protein_coding,Zfp365
ENSMUSG00000103192,38.52935964,1.693225848,0.447607081,3.782839725,0.000155049,0.004953396,chr1,80666008,80669564,-,TEC,Gm37645
ENSMUSG00000088008,66.9253829,-1.382555993,0.366174332,-3.775676973,0.000159574,0.005049503,chr5,135053987,135054116,-,scaRNA,Gm25492
ENSMUSG00000106847,179.542212,-1.02658422,0.271854257,-3.776230073,0.00015922,0.005049503,chr15,72805599,72810324,-,sense_intronic,Peg13
ENSMUSG00000024511,26.05912651,-1.775495983,0.470160814,-3.776358915,0.000159138,0.005049503,chr18,69979130,70141605,-,protein_coding,Rab27b
ENSMUSG00000023267,19.76853295,1.777606086,0.471318414,3.771560867,0.00016223,0.00512138,chr4,33062998,33095865,+,protein_coding,Gabrr2
ENSMUSG00000103739,51.06480484,1.483055031,0.393532981,3.768566046,0.000164188,0.005158757,chr1,160915323,160918901,+,TEC,Gm37653
ENSMUSG00000054717,851.0331155,1.037682383,0.275947432,3.760435005,0.000169618,0.005274249,chr8,57511906,57515999,+,protein_coding,Hmgb2
ENSMUSG00000029561,123.0579656,1.170130991,0.311778127,3.753088783,0.000174669,0.005373995,chr5,114896935,114912234,+,protein_coding,Oasl2
ENSMUSG00000032899,34.98659865,-1.779029449,0.474108156,-3.752370482,0.00017517,0.005377003,chr6,131299141,131316398,-,protein_coding,Styk1
ENSMUSG00000026389,44.56624146,1.653450043,0.441136011,3.748163834,0.000178134,0.005410825,chr1,120190756,120272705,-,protein_coding,Steap3
ENSMUSG00000103261,50.60910441,-1.545779201,0.412310661,-3.749064347,0.000177496,0.005410825,chr3,84058967,84063452,-,TEC,Gm36981
ENSMUSG00000017550,203.4898074,1.129303129,0.301314162,3.747925829,0.000178303,0.005410825,chr11,80089399,80135794,+,protein_coding,Atad5
ENSMUSG00000021069,32.21386897,-1.636337374,0.436888071,-3.745438436,0.000180079,0.005452301,chr12,70190810,70231488,-,protein_coding,Pygl
ENSMUSG00000111017,23.2274277,1.732909108,0.462945497,3.743224894,0.000181673,0.005475688,chr9,44856436,44859175,-,TEC,Gm48314
ENSMUSG00000104897,29.90503447,1.70364926,0.455219199,3.742481125,0.000182212,0.005479529,chr3,35845341,35845899,+,TEC,Gm43203
ENSMUSG00000026950,94.82958175,1.242715163,0.332213966,3.740707165,0.000183503,0.005481233,chr2,52136646,52378474,-,protein_coding,Neb
ENSMUSG00000104925,15.87215227,1.783338315,0.476701633,3.740994769,0.000183293,0.005481233,chr3,103332142,103334383,+,sense_intronic,Gm43061
ENSMUSG00000030231,578.673699,-1.082514848,0.289465279,-3.739705334,0.000184236,0.005490813,chr6,140424053,140597110,+,protein_coding,Plekha5
ENSMUSG00000103774,76.00469925,1.304914923,0.349319629,3.735590027,0.000187276,0.00556894,chr2,11181011,11181940,+,TEC,Gm36932
ENSMUSG00000065016,218.7332203,-1.046949232,0.280517697,-3.73220386,0.000189812,0.005629277,chr7,109520119,109520251,+,snoRNA,Snora3
ENSMUSG00000057135,12.22518562,1.771775188,0.474783248,3.731755904,0.00019015,0.005629277,chr11,70790931,70812586,-,protein_coding,Scimp
ENSMUSG00000094212,38.75390216,-1.695693994,0.455200228,-3.725160691,0.000195191,0.005765704,chr14,53763172,53763694,+,TR_V_gene,Trav14-3
ENSMUSG00000105842,50.99146799,1.545278216,0.414927788,3.724209997,0.000195928,0.005774668,chr3,105766965,105770197,-,sense_intronic,Gm43329
ENSMUSG00000022389,158.1287891,-1.080617174,0.291123582,-3.711884718,0.000205722,0.006036617,chr15,81802420,81826863,+,protein_coding,Tef
ENSMUSG00000028967,147.1327503,-1.122709359,0.302519799,-3.711192998,0.000206285,0.006039836,chr4,150853918,150868892,+,protein_coding,Errfi1
ENSMUSG00000002083,152.7789547,-1.249762444,0.336892649,-3.70967561,0.000207525,0.006062824,chr7,16308392,16318205,+,protein_coding,Bbc3
ENSMUSG00000027330,227.9409973,1.013069905,0.273411686,3.705291162,0.000211148,0.006155173,chr2,131186948,131198497,+,protein_coding,Cdc25b
ENSMUSG00000035283,28.12089851,-1.749672587,0.473106969,-3.698260018,0.000217082,0.006286897,chr19,56722371,56724862,+,protein_coding,Adrb1
ENSMUSG00000026039,42.27460048,1.632892457,0.442009087,3.69425088,0.000220536,0.006359265,chr1,57995970,58025899,+,protein_coding,Sgol2a
ENSMUSG00000096965,20.43223009,1.731587831,0.469306158,3.689676347,0.00022454,0.006446801,chr17,5798656,5803240,+,lincRNA,3300005D01Rik
ENSMUSG00000095332,51.90535333,1.455572672,0.395001921,3.684976181,0.000228724,0.00655282,chr2,91945702,91947655,+,protein_coding,Gm9821
ENSMUSG00000021703,35.48556062,1.643597504,0.446098864,3.684379492,0.00022926,0.006554094,chr13,92611090,92711947,+,protein_coding,Serinc5
ENSMUSG00000105199,24.98389671,1.699052457,0.463079337,3.669031032,0.000243472,0.006915837,chr3,104642993,104645857,+,sense_intronic,Gm43581
ENSMUSG00000015340,52.75120377,-1.644497184,0.449263184,-3.660431664,0.000251791,0.007121774,chrX,9435251,9487771,-,protein_coding,Cybb
ENSMUSG00000083282,16.99592968,-1.742923478,0.476093772,-3.66088275,0.000251348,0.007121774,chr19,4855128,4860912,+,protein_coding,Ctsf
ENSMUSG00000103558,18.60896806,1.733646959,0.47479487,3.651359917,0.000260855,0.007331467,chr17,71391837,71393284,-,TEC,Gm38220
ENSMUSG00000056498,124.6459276,-1.111212021,0.304722815,-3.646632176,0.0002657,0.007451901,chr3,84666191,84704575,+,protein_coding,Tmem154
ENSMUSG00000027009,754.4960611,1.634954545,0.448760888,3.643264348,0.000269202,0.007518471,chr2,79255499,79333123,+,protein_coding,Itga4
ENSMUSG00000050777,43.06413882,-1.515535215,0.416290308,-3.6405729,0.000272032,0.007581613,chr1,120067376,120074074,-,protein_coding,Tmem37
ENSMUSG00000022610,17.04847162,-1.73107519,0.475880175,-3.637628295,0.00027516,0.007652784,chr15,89130583,89140621,-,protein_coding,Mapk12
ENSMUSG00000023505,62.77841488,1.413790723,0.389264632,3.631952678,0.000281285,0.007776972,chr6,124829546,124833701,+,protein_coding,Cdca3
ENSMUSG00000076431,19.96415113,1.728795813,0.476763709,3.626106141,0.000287727,0.007936026,chr13,28948918,28953713,-,protein_coding,Sox4
ENSMUSG00000073700,120.7435197,-1.077545608,0.297448419,-3.622630137,0.000291623,0.008026854,chr4,152008802,152017680,+,protein_coding,Klhl21
ENSMUSG00000103089,215.4702396,1.016915146,0.280838755,3.620992923,0.000293475,0.008044162,chr1,193259615,193261837,-,TEC,Gm38118
ENSMUSG00000074731,11.33814058,-1.681828464,0.464506159,-3.620680651,0.000293829,0.008044162,chr2,150470990,150485091,-,protein_coding,Zfp345
ENSMUSG00000091997,51.42071951,1.444384088,0.398948809,3.620474746,0.000294063,0.008044162,chr16,32923217,32924489,+,processed_pseudogene,Gm6611
ENSMUSG00000102672,43.6299404,1.493765229,0.413006623,3.616806964,0.00029826,0.008125591,chr9,72594922,72597007,+,TEC,Gm37105
ENSMUSG00000041481,353.5673986,-1.049733738,0.290432827,-3.614377028,0.000301071,0.008185436,chr12,104236251,104241939,+,protein_coding,Serpina3g
ENSMUSG00000108780,42.53432011,1.54056231,0.426440769,3.6126056,0.000303136,0.008224791,chr6,83417439,83420992,-,TEC,5430434F05Rik
ENSMUSG00000048027,62.56748511,-1.327515293,0.367613132,-3.611174842,0.000304813,0.008253495,chr17,15806252,15826586,-,protein_coding,Rgmb
ENSMUSG00000076472,94.06735457,1.497122875,0.414915763,3.608257406,0.000308261,0.008329913,chr6,41141187,41141658,+,TR_V_gene,Trbv15
ENSMUSG00000040084,136.8720813,1.331002026,0.369028322,3.606774729,0.000310027,0.008343786,chr2,118598210,118641591,+,protein_coding,Bub1b
ENSMUSG00000115624,54.44584993,1.3854058,0.385207895,3.596514549,0.00032251,0.008627454,chr14,49023929,49028569,-,TEC,AC154640.4
ENSMUSG00000096954,86.40597322,1.246964655,0.347411906,3.589297406,0.00033157,0.008816728,chr12,32821871,32826904,+,lincRNA,Gdap10
ENSMUSG00000105824,35.27483411,1.627642538,0.454027712,3.584896901,0.000337211,0.008931074,chr3,100582313,100587527,-,sense_intronic,Gm43466
ENSMUSG00000005125,42.91723844,1.570018026,0.43804694,3.584131934,0.000338201,0.008939514,chr15,66929317,66969640,-,protein_coding,Ndrg1
ENSMUSG00000052949,230.1676748,-1.065263527,0.297309042,-3.583017593,0.000339648,0.008942267,chr11,116336352,116413004,-,protein_coding,Rnf157
ENSMUSG00000098761,15.84231452,1.703281846,0.476152486,3.577177258,0.000347325,0.009108384,chr9,71908842,71909551,+,processed_pseudogene,Gm18821
ENSMUSG00000106149,67.09982111,1.382680797,0.386586979,3.576635715,0.000348045,0.009109334,chr3,135650669,135654566,-,TEC,Gm43430
ENSMUSG00000076907,21.39411273,1.655470483,0.463776854,3.569540976,0.000357607,0.009288708,chr14,54197247,54197307,+,TR_J_gene,Traj22
ENSMUSG00000111030,34.26728866,1.577078768,0.441822801,3.569482525,0.000357687,0.009288708,chr9,44634194,44635103,+,TEC,Gm47234
ENSMUSG00000069268,24.84517255,1.677042848,0.469742458,3.570132569,0.000356801,0.009288708,chr13,23573735,23574196,-,protein_coding,Hist1h2bf
ENSMUSG00000046668,48.29545,1.521149586,0.42688761,3.563349112,0.000366153,0.009471637,chr18,35829817,35861687,+,protein_coding,Cxxc5
ENSMUSG00000043740,87.43057186,-1.256772622,0.353001518,-3.560247073,0.000370506,0.009565661,chr17,48316140,48327024,+,protein_coding,B430306N03Rik
ENSMUSG00000111333,25.49113776,1.640934433,0.461829717,3.553115734,0.000380697,0.009771955,chr10,42886891,42887465,+,processed_pseudogene,Gm48670
ENSMUSG00000106717,28.92727471,1.634203288,0.460348794,3.549924125,0.000385342,0.009872171,chr5,31210343,31214315,-,TEC,Gm42798
ENSMUSG00000087131,20.64431348,1.658824678,0.467985916,3.544603846,0.000393204,0.010034977,chr1,38384948,38393974,+,antisense,Gm16152
ENSMUSG00000093894,22.80500149,-1.684962424,0.475699036,-3.542076598,0.00039699,0.010112243,chr12,115158402,115158835,-,IG_V_gene,Ighv1-53
ENSMUSG00000104078,26.52883425,1.658103308,0.469241104,3.533584962,0.000409964,0.010343834,chr9,72001377,72003803,-,TEC,Gm37023
ENSMUSG00000098843,77.71484046,1.326372705,0.375474671,3.532522447,0.000411615,0.010365858,chr9,32709651,32711171,-,antisense,Gm27240
ENSMUSG00000015950,99.41071104,1.239394093,0.350905594,3.531987272,0.000412449,0.010367261,chr5,134220259,134229625,-,protein_coding,Ncf1
ENSMUSG00000022848,133.7185558,-1.013931977,0.287173388,-3.53073098,0.000414413,0.010377462,chr16,35694061,35769356,-,protein_coding,Dirc2
ENSMUSG00000086537,12.68160381,1.66844088,0.472661792,3.529883115,0.000415743,0.010391242,chr2,174281236,174295436,-,antisense,Nespas
ENSMUSG00000111293,135.3181264,1.040746479,0.295336551,3.523933879,0.00042519,0.010607464,chr10,42861381,42864699,-,antisense,Gm34006
ENSMUSG00000035778,96.66236632,1.195972555,0.339532307,3.522411653,0.00042764,0.010608965,chr2,35400178,35461449,-,protein_coding,Ggta1
ENSMUSG00000069274,89.17303054,1.375504632,0.390807183,3.519650337,0.000432116,0.010680242,chr13,23551257,23551648,-,protein_coding,Hist1h4f
ENSMUSG00000027506,87.76852363,-1.143728197,0.325763652,-3.510914092,0.000446569,0.010976362,chr3,8925592,9004723,-,protein_coding,Tpd52
ENSMUSG00000046070,9.338421478,-1.644234642,0.468710232,-3.507998186,0.000451492,0.011076939,chr17,24878769,24882008,+,protein_coding,Igfals
ENSMUSG00000097219,115.8418128,1.361778756,0.390185811,3.490077593,0.00048288,0.011675012,chr11,51949881,52269514,-,lincRNA,Gm26551
ENSMUSG00000020649,141.334411,1.132919869,0.325028091,3.48560601,0.000491024,0.011849167,chr12,24708240,24714146,+,protein_coding,Rrm2
ENSMUSG00000105572,27.38894597,1.556188821,0.447096453,3.480655704,0.000500188,0.012006315,chr3,119727747,119729790,-,TEC,Gm43300
ENSMUSG00000108199,34.85728647,1.527497301,0.440906237,3.464449292,0.000531318,0.012621714,chr6,92144488,92146293,-,TEC,Gm44249
ENSMUSG00000021453,78.21370856,1.311576909,0.378592269,3.464352061,0.00053151,0.012621714,chr13,51846677,51848468,+,protein_coding,Gadd45g
ENSMUSG00000065642,99.24485098,-1.202354081,0.34732408,-3.461764242,0.000536647,0.01270641,chrX,37082911,37083042,-,snoRNA,Snora69
ENSMUSG00000045328,288.7860511,1.595528887,0.460963935,3.461287894,0.000537598,0.01270641,chr3,135212536,135273611,+,protein_coding,Cenpe
ENSMUSG00000079057,111.6749901,-1.037710859,0.300139089,-3.457433225,0.000545347,0.012835897,chr8,45304943,45333216,-,protein_coding,Cyp4v3
ENSMUSG00000102602,114.9978396,1.164177598,0.33757761,3.448622071,0.000563455,0.013169024,chr4,131878627,131883237,+,TEC,A930004J17Rik
ENSMUSG00000069300,41.74822003,1.556400452,0.451786596,3.444990326,0.00057108,0.013323863,chr13,22043213,22043676,+,protein_coding,Hist1h2bj
ENSMUSG00000002055,85.70433315,1.348421308,0.391528203,3.443995342,0.000573186,0.01333426,chr11,78301528,78322457,+,protein_coding,Spag5
ENSMUSG00000050014,19.05485078,-1.628875704,0.472983199,-3.443834176,0.000573527,0.01333426,chr15,77583818,77596125,-,protein_coding,Apol10b
ENSMUSG00000094164,9.151264203,-1.606666589,0.467479094,-3.436873671,0.00058847,0.013634082,chr12,113611186,113611617,-,IG_V_gene,Ighv2-3
ENSMUSG00000078317,47.10085282,-1.376714764,0.401171093,-3.431739692,0.000599723,0.013870674,chrX,73228290,73230795,+,protein_coding,F8a
ENSMUSG00000036777,71.81232435,1.518570081,0.443865607,3.421238452,0.000623367,0.014244406,chr9,22332011,22389188,-,protein_coding,Anln
ENSMUSG00000079071,98.13481885,1.613499572,0.472149201,3.417351056,0.000632337,0.014399985,chr2,122484940,122528040,+,protein_coding,Gm14085
ENSMUSG00000033955,171.0642125,-1.053051875,0.308371609,-3.414879466,0.000638102,0.014506485,chr2,85050459,85073048,+,protein_coding,Tnks1bp1
ENSMUSG00000049916,28.12774992,1.520295621,0.445802014,3.410248438,0.000649037,0.01472994,chr16,17113398,17125106,-,protein_coding,2610318N02Rik
ENSMUSG00000027075,36.45003898,1.54669608,0.453629361,3.409603107,0.000650575,0.014739724,chr2,84838849,84863594,+,protein_coding,Slc43a1
ENSMUSG00000083207,12.74707665,1.617220638,0.475137869,3.403687101,0.000664829,0.015037092,chrX,93527572,93530309,+,processed_pseudogene,Gm14780
ENSMUSG00000045928,20.70216001,1.613245331,0.474346357,3.400986027,0.000671433,0.015135068,chr7,125284024,125349788,-,lincRNA,4933440M02Rik
ENSMUSG00000048031,11.4305732,-1.571925327,0.462937053,-3.395548742,0.000684912,0.015386838,chr3,87435772,87500678,+,protein_coding,Fcrl5
ENSMUSG00000097300,53.96773957,1.323321043,0.389785537,3.394997804,0.000686292,0.015391878,chr10,13967023,14007405,-,lincRNA,Gm26835
ENSMUSG00000009772,42.9707085,-1.469516689,0.433056291,-3.393361835,0.000690404,0.015406296,chr1,132316125,132333488,+,protein_coding,Nuak2
ENSMUSG00000024143,150.5751772,-1.018408335,0.300278798,-3.391542602,0.000695004,0.015457158,chr17,86963081,87000069,+,protein_coding,Rhoq
ENSMUSG00000018341,90.37004276,-1.18950581,0.350797161,-3.390864984,0.000696724,0.015469599,chr6,67291317,67376188,-,protein_coding,Il12rb2
ENSMUSG00000034936,126.5556895,-1.149915777,0.339193021,-3.390151647,0.00069854,0.015483589,chr11,101665540,101667832,+,protein_coding,Arl4d
ENSMUSG00000039193,11.43418325,-1.60584066,0.473740536,-3.38970499,0.000699679,0.015483589,chr17,74426294,74459108,-,protein_coding,Nlrc4
ENSMUSG00000041782,15.79427709,1.612609237,0.476113716,3.387025377,0.000706549,0.015532408,chr1,135818597,135833342,+,protein_coding,Lad1
ENSMUSG00000108522,21.62049239,1.608231335,0.474804598,3.387143554,0.000706244,0.015532408,chr7,122361999,122363785,+,TEC,Gm44664
ENSMUSG00000106682,13.33035155,1.611674447,0.476633415,3.381371083,0.000721251,0.015777507,chr5,65778013,65780518,+,TEC,Gm42648
ENSMUSG00000027002,147.3732477,-1.048451408,0.310841807,-3.372942074,0.000743696,0.016188754,chr2,80500511,80581380,-,protein_coding,Nckap1
ENSMUSG00000067577,55.57405208,1.410295337,0.418311316,3.371401354,0.000747868,0.016253017,chr19,10740946,10786043,+,processed_transcript,A430093F15Rik
ENSMUSG00000108741,44.37299036,1.373538514,0.40759187,3.369886927,0.00075199,0.016296636,chr7,73458596,73460633,-,TEC,Gm44553
ENSMUSG00000099708,50.53020736,1.364714298,0.404987914,3.369765493,0.000752322,0.016296636,chr12,83631833,83633833,-,antisense,Gm29361
ENSMUSG00000109555,14.9897765,1.604256777,0.476240119,3.368588056,0.000755543,0.016339835,chr7,132311855,132314078,-,TEC,Gm44891
ENSMUSG00000027326,207.1899084,1.572369185,0.466871158,3.367886747,0.000757467,0.016354904,chr2,119047118,119105501,+,protein_coding,Knl1
ENSMUSG00000061878,27.4460564,1.605263364,0.476728317,3.367249873,0.000759219,0.016366198,chr11,116530924,116536674,+,protein_coding,Sphk1
ENSMUSG00000050846,95.88891526,-1.148392783,0.341216669,-3.365582302,0.000763823,0.016438848,chr15,75940951,75949400,+,protein_coding,Zfp623
ENSMUSG00000012123,36.45472665,-1.462317866,0.434814752,-3.363082462,0.000770773,0.016535012,chr4,134060814,134092504,+,protein_coding,Crybg2
ENSMUSG00000094075,29.6038206,-1.584436444,0.471470491,-3.360626963,0.000777658,0.01665588,chr12,115912343,115912776,-,IG_V_gene,Ighv1-80
ENSMUSG00000078670,120.1628881,-1.179261226,0.350971288,-3.359993442,0.000779443,0.016667324,chr7,73740301,73776919,+,protein_coding,Fam174b
ENSMUSG00000023079,17.85445563,1.594483794,0.47479317,3.358270282,0.000784319,0.016717912,chr5,134357655,134456716,-,protein_coding,Gtf2ird1
ENSMUSG00000017146,151.8005523,1.208383428,0.360194784,3.35480546,0.000794208,0.016874707,chr11,101488763,101551879,-,protein_coding,Brca1
ENSMUSG00000037833,21.07298078,-1.553320569,0.463697196,-3.34985974,0.000808525,0.017092699,chr14,40813788,40893266,-,protein_coding,Sh2d4b
ENSMUSG00000024427,12.35541025,1.575345615,0.470303406,3.349636844,0.000809176,0.017092699,chr18,38586267,38601268,-,protein_coding,Spry4
ENSMUSG00000032549,73.90928596,-1.195567584,0.357047709,-3.34848132,0.000812558,0.017127994,chr9,103111786,103185276,+,protein_coding,Rab6b
ENSMUSG00000098108,10.48136869,1.571636364,0.470739802,3.33865196,0.00084186,0.017661819,chr3,106934381,107093894,-,antisense,Gm27008
ENSMUSG00000078942,30.68127932,-1.435768287,0.430023802,-3.338811201,0.000841377,0.017661819,chr13,100281120,100317674,-,protein_coding,Naip6
ENSMUSG00000072568,73.52071197,-1.27944134,0.383315361,-3.337829556,0.000844355,0.017686322,chr15,60818993,60825080,-,protein_coding,Fam84b
ENSMUSG00000026683,88.26168241,1.388248576,0.415968676,3.337387301,0.0008457,0.017686683,chr1,169497933,169531464,-,protein_coding,Nuf2
ENSMUSG00000103227,16.80024159,1.582152332,0.47440482,3.335025839,0.000852915,0.01777203,chr1,74500339,74503301,-,TEC,Gm37733
ENSMUSG00000049985,11.78714005,1.567933698,0.470206722,3.334562489,0.000854337,0.01777203,chr13,112288450,112384002,+,protein_coding,Ankrd55
ENSMUSG00000022900,34.58160075,1.430672818,0.428924079,3.335491959,0.000851486,0.01777203,chr16,36693977,36726804,+,protein_coding,Ildr1
ENSMUSG00000090164,64.15639997,1.223864105,0.367387087,3.331265981,0.00086452,0.017855997,chr6,128849089,128891126,-,protein_coding,BC035044
ENSMUSG00000105703,38.80902234,1.442485402,0.432965264,3.331642336,0.000863351,0.017855997,chr14,54292442,54297456,-,processed_transcript,Gm43305
ENSMUSG00000022070,68.9629802,1.273311489,0.382241181,3.33117297,0.000864808,0.017855997,chr14,99046376,99074540,+,protein_coding,Bora
ENSMUSG00000000127,41.86264692,-1.511694389,0.453807778,-3.331133713,0.00086493,0.017855997,chr17,63896017,64139494,+,protein_coding,Fer
ENSMUSG00000073145,135.9622883,1.063764145,0.31997666,3.324505434,0.000885755,0.018156312,chr11,11695132,11696439,-,antisense,Gm12000
ENSMUSG00000109638,24.80184743,1.518346804,0.457128638,3.321486944,0.000895392,0.018295105,chr7,142051164,142053075,-,TEC,Gm45630
ENSMUSG00000040204,69.28660129,1.404740322,0.422873149,3.321895291,0.000894082,0.018295105,chr9,65890236,65903266,+,protein_coding,Pclaf
ENSMUSG00000001403,57.61396053,1.466978333,0.441839923,3.320157949,0.000899665,0.018354275,chr2,164769897,164778822,+,protein_coding,Ube2c
ENSMUSG00000104413,12.61328713,1.58184835,0.476609258,3.318962701,0.000903525,0.018376732,chr1,171909956,171919356,-,antisense,Gm37065
ENSMUSG00000027306,121.0711042,1.251606453,0.377377074,3.316593768,0.00091122,0.018494567,chr2,119618297,119651244,+,protein_coding,Nusap1
ENSMUSG00000040372,7.878033021,-1.528833004,0.461061178,-3.315900533,0.000913483,0.018494567,chr4,24973418,25009233,+,protein_coding,Gpr63
ENSMUSG00000106375,55.13922357,1.32340653,0.399804221,3.310136466,0.000932505,0.018793995,chr5,122496158,122500848,+,TEC,Gm43361
ENSMUSG00000108752,65.49996324,1.368660501,0.413996476,3.305971377,0.000946478,0.018877952,chr7,122313063,122318502,+,TEC,Gm45191
ENSMUSG00000095589,17.42104408,-1.574717011,0.476282428,-3.306267289,0.000945478,0.018877952,chr12,115208094,115208591,-,IG_V_gene,Ighv1-55
ENSMUSG00000049939,48.70699499,1.447664385,0.438104989,3.304377769,0.000951875,0.01895497,chr6,28661830,28831747,-,protein_coding,Lrrc4
ENSMUSG00000108689,16.4979286,1.572008406,0.476428455,3.299568678,0.000968335,0.019253975,chr3,90335394,90337951,+,TEC,Gm45354
ENSMUSG00000034220,141.9079515,-1.088038699,0.330000885,-3.297078122,0.000976963,0.019379987,chr1,92831644,92860779,+,protein_coding,Gpc1
ENSMUSG00000039328,84.54571942,-1.147081314,0.348597232,-3.290563457,0.000999869,0.019704528,chr8,31111819,31131482,+,protein_coding,Rnf122
ENSMUSG00000109709,49.01759934,1.372418952,0.417452091,3.287608285,0.001010423,0.019883099,chr8,91528834,91532724,-,TEC,Gm45290
ENSMUSG00000104469,56.22307617,1.353908182,0.414122913,3.269338976,0.001077991,0.021026344,chr9,71988972,71991271,-,TEC,Gm37663
ENSMUSG00000022422,36.06768503,1.497596184,0.458644546,3.265265438,0.001093615,0.021268824,chr15,55076098,55090491,-,protein_coding,Dscc1
ENSMUSG00000025584,68.84483578,-1.184104105,0.362706553,-3.264633887,0.001096056,0.021281636,chr7,81213595,81334533,+,protein_coding,Pde8a
ENSMUSG00000107476,41.28775074,-1.347638876,0.41304042,-3.262728801,0.001103451,0.021366525,chr6,48504336,48534832,+,transcribed_unitary_pseudogene,Zfp862-ps
ENSMUSG00000079436,13.44499775,1.550342211,0.476003715,3.256996028,0.00112598,0.0216153,chr1,87386362,87394729,-,protein_coding,Kcnj13
ENSMUSG00000000628,50.86562076,1.293040909,0.397005782,3.256982564,0.001126033,0.0216153,chr6,82725024,82774454,-,protein_coding,Hk2
ENSMUSG00000022021,130.3011088,1.035806552,0.318418237,3.252974962,0.001142036,0.021863476,chr14,86655366,87141224,-,protein_coding,Diaph3
ENSMUSG00000073421,59.24010298,-1.462186433,0.44966822,-3.251700626,0.001147168,0.021863476,chr17,34263208,34269418,+,protein_coding,H2-Ab1
ENSMUSG00000102143,44.74333372,1.335468675,0.410977799,3.249491039,0.001156117,0.022002562,chr9,71852000,71855203,-,TEC,Gm38057
ENSMUSG00000061731,61.91684543,1.307384478,0.403209176,3.242447234,0.001185079,0.02233044,chr15,53064037,53346159,-,protein_coding,Ext1
ENSMUSG00000030917,17.9486862,-1.531978056,0.472718068,-3.240785916,0.001192007,0.02239762,chr7,120102352,120120992,+,protein_coding,Tmem159
ENSMUSG00000047344,49.08879768,-1.417510536,0.437591064,-3.239349822,0.001198025,0.022418781,chrX,9199901,9268085,+,protein_coding,Lancl3
ENSMUSG00000025068,116.6064391,-1.129447044,0.348668731,-3.239312687,0.001198181,0.022418781,chr19,47854969,47864790,+,protein_coding,Gsto1
ENSMUSG00000027533,33.2285083,1.525178971,0.471126306,3.237303777,0.001206649,0.022545549,chr3,10012547,10016607,+,protein_coding,Fabp5
ENSMUSG00000020303,45.45580884,-1.467728035,0.45346794,-3.236674317,0.001209313,0.022563688,chr11,31357306,31370074,-,protein_coding,Stc2
ENSMUSG00000076917,61.99074779,1.249604493,0.386132825,3.23620374,0.001211309,0.022569311,chr14,54206552,54206610,+,TR_J_gene,Traj12
ENSMUSG00000042046,90.95077767,-1.064392685,0.32912021,-3.234054463,0.001220462,0.022708089,chr1,132417554,132466958,+,protein_coding,Dstyk
ENSMUSG00000033863,53.43566025,-1.268805881,0.392540496,-3.232292954,0.001228011,0.022816682,chr19,23141225,23166911,+,protein_coding,Klf9
ENSMUSG00000028634,132.1961524,1.079025764,0.334104267,3.22960785,0.001239601,0.022999954,chr4,119733795,120138045,+,protein_coding,Hivep3
ENSMUSG00000105742,44.93054084,1.309427792,0.406637248,3.220137355,0.001281292,0.023576479,chr5,122165596,122167937,+,TEC,Gm42748
ENSMUSG00000091264,60.03550112,-1.191949303,0.370125347,-3.220393609,0.001280147,0.023576479,chr13,41249843,41276577,+,protein_coding,Smim13
ENSMUSG00000051675,89.77816927,-1.066747561,0.33159545,-3.21701507,0.001295318,0.023801691,chr4,65604985,65616238,+,protein_coding,Trim32
ENSMUSG00000031327,45.45271921,-1.305735327,0.40608804,-3.21539961,0.00130263,0.02390309,chrX,103356475,103396092,+,protein_coding,Chic1
ENSMUSG00000022322,23.03218711,1.509763803,0.470646754,3.207849177,0.001337316,0.024305219,chr8,4735975,4779554,-,protein_coding,Shcbp1
ENSMUSG00000033031,88.97448571,1.272684841,0.396713952,3.208066758,0.001336305,0.024305219,chr16,48994184,49019705,+,protein_coding,C330027C09Rik
ENSMUSG00000041498,66.12405975,1.296410254,0.404758071,3.202926257,0.001360388,0.02462834,chr1,136467934,136531511,+,protein_coding,Kif14
ENSMUSG00000046295,12.17782564,1.511097701,0.472916264,3.195275391,0.001396975,0.025183352,chr8,71406009,71409904,+,protein_coding,Ankle1
ENSMUSG00000061723,16.60741933,1.518167407,0.475716001,3.191331387,0.001416187,0.025364098,chr7,142498835,142516008,+,protein_coding,Tnnt3
ENSMUSG00000006736,92.62999574,-1.10369209,0.345872475,-3.191037651,0.001417628,0.025364098,chr10,127067279,127070264,-,protein_coding,Tspan31
ENSMUSG00000099569,27.38284861,1.424802501,0.446600003,3.190332491,0.001421092,0.025377731,chr1,52134442,52135330,-,unprocessed_pseudogene,Gm18301
ENSMUSG00000085088,28.75980791,1.438059527,0.450835039,3.189768768,0.001423867,0.025393243,chr11,75589664,75594771,-,processed_transcript,4931413K12Rik
ENSMUSG00000103076,49.30879143,1.239495214,0.389158426,3.185065854,0.001447211,0.025702624,chr1,80274730,80276413,-,TEC,Gm37902
ENSMUSG00000041936,83.73959557,1.079792684,0.339339768,3.182039909,0.001462417,0.025907333,chr4,156165289,156197488,-,protein_coding,Agrn
ENSMUSG00000103693,24.21773854,1.465788312,0.460905963,3.180232912,0.001471567,0.026034819,chr1,160321685,160327078,-,sense_intronic,Gm37529
ENSMUSG00000034177,112.1491991,-1.04351599,0.329234395,-3.16952301,0.001526894,0.026800102,chr11,87663086,87735539,+,protein_coding,Rnf43
ENSMUSG00000022661,16.44019028,1.502210778,0.474020061,3.169086928,0.001529187,0.02680503,chr16,45382134,45409053,-,protein_coding,Cd200
ENSMUSG00000072082,48.21370353,1.309026768,0.413544385,3.165383976,0.001548784,0.027069972,chr17,24223231,24251409,-,protein_coding,Ccnf
ENSMUSG00000051844,34.82097361,1.437416226,0.454530594,3.162419088,0.001564642,0.027105542,chr6,83441754,83448322,+,processed_transcript,B230319C09Rik
ENSMUSG00000033538,21.04694937,1.494190865,0.47231931,3.163518478,0.001558745,0.027105542,chr9,5308827,5336783,+,protein_coding,Casp4
ENSMUSG00000025175,30.78213533,-1.373845749,0.434324162,-3.163180563,0.001560555,0.027105542,chr11,121434912,121450491,+,protein_coding,Fn3k
ENSMUSG00000080939,25.21123231,1.447958334,0.458773939,3.156147744,0.001598679,0.027659216,chrX,107279014,107279962,-,processed_pseudogene,Gm9208
ENSMUSG00000029530,32.45785722,1.433645505,0.454411545,3.154949565,0.001605259,0.027737035,chr9,123678438,123784330,+,protein_coding,Ccr9
ENSMUSG00000033065,67.83564077,1.170579246,0.371443079,3.151436416,0.001624695,0.027891999,chr15,98092588,98132451,+,protein_coding,Pfkm
ENSMUSG00000075265,10.31467392,1.473469072,0.467519645,3.151673062,0.001623379,0.027891999,chr16,32665222,32668197,-,antisense,Tnk2os
ENSMUSG00000028551,44.47273878,1.313677267,0.417195567,3.148828443,0.001639264,0.028105888,chr4,109660875,109667189,-,protein_coding,Cdkn2c
ENSMUSG00000109363,29.52787683,1.43362047,0.456014472,3.143804768,0.001667667,0.02844642,chr7,67367715,67370980,-,TEC,Gm44668
ENSMUSG00000029186,32.83887862,1.430065799,0.455525539,3.139375679,0.001693082,0.028806186,chr5,52741573,52769340,+,protein_coding,Pi4k2b
ENSMUSG00000100455,37.78863806,1.362053544,0.43403417,3.138125146,0.001700323,0.028892472,chr1,143777641,143781307,+,sense_intronic,Gm29170
ENSMUSG00000041684,63.10957064,-1.161222737,0.370401515,-3.135037766,0.00171832,0.029123992,chr1,44118956,44144770,+,protein_coding,Bivm
ENSMUSG00000087113,33.73543371,1.429669568,0.456744879,3.1301272,0.001747306,0.029577654,chr11,107428275,107435686,+,processed_transcript,Gm11714
ENSMUSG00000052364,8.326943131,-1.444377683,0.461936924,-3.126785512,0.001767288,0.029840066,chrX,8892381,8894964,+,protein_coding,B630019K06Rik
ENSMUSG00000026483,160.7102127,-1.040160868,0.33282583,-3.125240815,0.001776596,0.029921373,chr1,151571185,151721939,+,protein_coding,Fam129a
ENSMUSG00000048327,64.47694874,1.389371249,0.445961716,3.115449598,0.001836647,0.030623049,chr2,129268209,129297212,-,protein_coding,Ckap2l
ENSMUSG00000068115,15.92872874,1.462978263,0.469793667,3.114086809,0.001845152,0.030688033,chr2,150934518,151039382,-,protein_coding,Ninl
ENSMUSG00000020914,1025.149108,1.28278312,0.412375432,3.11071664,0.001866339,0.031001712,chr11,98992942,99024189,-,protein_coding,Top2a
ENSMUSG00000031995,17.51610298,-1.468713752,0.472476234,-3.108545247,0.001880109,0.031191539,chr9,31089401,31131853,-,protein_coding,St14
ENSMUSG00000103772,51.47257907,1.35440727,0.435757606,3.108166676,0.001882519,0.031192679,chr1,180376443,180379514,+,TEC,Gm36933
ENSMUSG00000026700,21.10551457,-1.478442749,0.476014409,-3.105878147,0.001897149,0.031240105,chr1,161395408,161418410,+,protein_coding,Tnfsf4
ENSMUSG00000079056,46.39152182,-1.235356437,0.397749778,-3.105863293,0.001897244,0.031240105,chr2,127456497,127521370,-,protein_coding,Kcnip3
ENSMUSG00000037661,62.60131896,1.152642434,0.371149125,3.105604613,0.001898904,0.031240105,chr3,30855949,30897192,+,protein_coding,Gpr160
ENSMUSG00000038943,123.266431,1.137557523,0.366333161,3.105254028,0.001901157,0.031240105,chr7,80294449,80316259,+,protein_coding,Prc1
ENSMUSG00000020183,53.33552769,1.194350272,0.38521785,3.100454127,0.001932241,0.031584442,chr10,117629499,117687352,+,protein_coding,Cpm
ENSMUSG00000114612,16.7713708,1.475784855,0.476439257,3.097529922,0.001951407,0.031858632,chr13,98732985,98734690,+,TEC,Gm47550
ENSMUSG00000042498,18.69899121,-1.474080844,0.475973147,-3.096983209,0.001955009,0.03185875,chrX,139480366,139554582,+,protein_coding,D330045A20Rik
ENSMUSG00000041147,145.2770126,1.096338528,0.354154555,3.095649942,0.001963821,0.031903214,chr5,150522629,150569747,+,protein_coding,Brca2
ENSMUSG00000051378,34.6467574,1.385952717,0.447730102,3.095509348,0.001964752,0.031903214,chr11,102905528,102925124,-,protein_coding,Kif18b
ENSMUSG00000017716,84.1431732,1.266274305,0.409340252,3.093451715,0.001978427,0.032064003,chr11,117849250,117855743,+,protein_coding,Birc5
ENSMUSG00000109096,55.06741678,1.375061778,0.444741125,3.091825111,0.0019893,0.03220104,chr7,68332988,68335529,+,TEC,Gm44888
ENSMUSG00000036875,57.3198204,1.394686597,0.451317364,3.0902569,0.001999834,0.032306051,chr10,62947025,62974185,+,protein_coding,Dna2
ENSMUSG00000115718,18.17555695,1.460978596,0.472840443,3.089791954,0.002002967,0.032306051,chr14,118875881,118880860,+,antisense,AC154377.1
ENSMUSG00000031530,31.25899102,1.366230118,0.4424409,3.087938111,0.002015504,0.032467412,chr8,34807296,34819894,+,protein_coding,Dusp4
ENSMUSG00000104612,98.60903705,1.186965356,0.384584524,3.08635757,0.00202625,0.032601089,chr3,131136784,131139042,+,TEC,Gm42449
ENSMUSG00000086752,17.02900537,-1.464587876,0.475725065,-3.078643495,0.002079454,0.033336319,chr11,111796346,111800876,-,lincRNA,Gm11674
ENSMUSG00000076462,32.52554942,1.338851697,0.435913645,3.071369093,0.002130796,0.034106729,chr6,41047339,41047995,+,TR_V_gene,Trbv2
ENSMUSG00000097586,12.6903149,1.461615139,0.476736075,3.065879038,0.002170311,0.034420099,chr10,22281453,22281736,-,processed_pseudogene,Gm26528
ENSMUSG00000098915,10.43693258,1.448522353,0.472419119,3.066180633,0.002168123,0.034420099,chr9,72060936,72061549,+,processed_pseudogene,Rpl15-ps2
ENSMUSG00000055370,22.07140307,1.436700918,0.468593804,3.065983597,0.002169552,0.034420099,chr16,43345886,43363666,-,lincRNA,Gm9968
ENSMUSG00000025812,9.615849285,-1.433962724,0.468180295,-3.062842969,0.002192451,0.03472988,chr8,127063892,127612286,+,protein_coding,Pard3
ENSMUSG00000049608,49.02910799,1.192299078,0.390113304,3.056289201,0.00224095,0.035321287,chr1,85938317,85961007,-,protein_coding,Gpr55
ENSMUSG00000030268,10.20005353,1.422652961,0.46552637,3.056009396,0.002243042,0.035321287,chr6,144993834,145076184,-,protein_coding,Bcat1
ENSMUSG00000024401,78.68298173,1.063314675,0.348033942,3.055203958,0.002249075,0.035374474,chr17,35199380,35202007,-,protein_coding,Tnf
ENSMUSG00000040616,9.220901805,-1.444391541,0.472989052,-3.053752587,0.002259984,0.035504132,chr4,142030991,142084304,-,protein_coding,Tmem51
ENSMUSG00000032126,138.2631831,1.159695823,0.380101338,3.051017474,0.002280673,0.035746086,chr9,44336338,44344228,-,protein_coding,Hmbs
ENSMUSG00000038578,36.79629289,1.374517926,0.452833694,3.035370255,0.002402406,0.037476403,chr4,59314682,59438633,-,protein_coding,Susd1
ENSMUSG00000015217,80.19440866,1.302836625,0.429507674,3.033325601,0.002418745,0.037511661,chrX,71555917,71560676,+,protein_coding,Hmgb3
ENSMUSG00000024795,239.1424903,1.036204773,0.341595637,3.033425079,0.002417947,0.037511661,chr19,34922360,34975745,+,protein_coding,Kif20b
ENSMUSG00000102419,95.66860252,1.044006588,0.344437289,3.031049832,0.00243705,0.037707762,chr9,56414030,56416066,-,TEC,Gm36940
ENSMUSG00000076911,34.1140972,1.306672832,0.431204203,3.030287789,0.002443208,0.037759186,chr14,54200776,54200842,+,TR_J_gene,Traj18
ENSMUSG00000109243,52.0432727,1.216229431,0.40148591,3.029320335,0.002451046,0.037836431,chr7,81874203,81876520,+,TEC,Gm45867
ENSMUSG00000012443,253.0326705,1.387469491,0.458097312,3.02876584,0.002455549,0.037862069,chr19,37376402,37421859,+,protein_coding,Kif11
ENSMUSG00000113196,36.94963119,1.271309316,0.419853304,3.027984549,0.002461907,0.03791621,chr12,98766104,98770355,+,TEC,AC159193.1
ENSMUSG00000103527,31.49994519,1.331850287,0.440153423,3.025877383,0.002479128,0.03813735,chr3,51672800,51673901,+,TEC,Gm37261
ENSMUSG00000031004,2563.469557,1.369519456,0.452673672,3.025401169,0.002483035,0.0381534,chr7,135689783,135716361,-,protein_coding,Mki67
ENSMUSG00000103348,94.40012666,1.248687664,0.413082243,3.022854856,0.002504023,0.038387337,chr1,106604783,106606870,-,TEC,Gm37053
ENSMUSG00000033174,10.49292362,1.402812373,0.464488091,3.020125599,0.002526699,0.038611474,chr6,88724411,88828360,+,protein_coding,Mgll
ENSMUSG00000042766,16.02522092,-1.431064436,0.473986597,-3.019208656,0.002534359,0.038674379,chr3,89234176,89246309,-,protein_coding,Trim46
ENSMUSG00000058385,123.391619,1.010492629,0.335082044,3.015657347,0.002564229,0.039046954,chr13,23571395,23572013,+,protein_coding,Hist1h2bg
ENSMUSG00000058773,423.8698354,1.377965262,0.45711286,3.014496816,0.002574059,0.039144676,chr13,21779882,21780625,-,protein_coding,Hist1h1b
ENSMUSG00000022797,710.7098789,1.386298177,0.45992876,3.014158491,0.002576931,0.039144676,chr16,32608919,32632794,+,protein_coding,Tfrc
ENSMUSG00000067599,80.30812615,-1.184670269,0.393654463,-3.00941658,0.002617499,0.039580395,chr6,130218604,130233322,-,protein_coding,Klra7
ENSMUSG00000053931,10.45146697,1.396521386,0.46423277,3.008235259,0.002627696,0.039599741,chr3,121426496,121458207,+,protein_coding,Cnn3
ENSMUSG00000026814,37.21406463,1.326069735,0.44121607,3.005488299,0.002651548,0.039914036,chr2,32646594,32682669,+,protein_coding,Eng
ENSMUSG00000089842,20.42421102,1.430124155,0.476003844,3.004438248,0.002660718,0.039961759,chr5,124194906,124200346,+,antisense,Pitpnm2os2
ENSMUSG00000026672,42.38142459,1.395755045,0.464652108,3.003871113,0.002665682,0.039991237,chr2,5020641,5064045,-,protein_coding,Optn
ENSMUSG00000102451,31.51877248,1.302509996,0.4336891,3.003326566,0.002670457,0.040017806,chr1,139082861,139086984,-,TEC,Gm37655
ENSMUSG00000087518,8.79909189,1.39428186,0.464888631,2.999173926,0.002707127,0.04052174,chr2,62357070,62470913,+,antisense,Gm13561
ENSMUSG00000103105,27.75763079,1.370311897,0.457129396,2.997645545,0.002720739,0.040679783,chr1,173701384,173706407,+,transcribed_unprocessed_pseudogene,Gm18752
ENSMUSG00000087108,15.68060821,1.421691802,0.474363845,2.997049244,0.002726067,0.040705169,chr3,19227779,19240987,+,antisense,Gm16093
ENSMUSG00000103085,50.58287926,1.261085874,0.421035699,2.995199403,0.002742655,0.040824187,chr1,13343562,13348204,-,TEC,Gm38120
ENSMUSG00000051586,85.85773487,1.132102715,0.377955039,2.995337003,0.002741418,0.040824187,chr6,120931721,121130999,-,protein_coding,Mical3
ENSMUSG00000011831,28.31078977,1.424453018,0.475902042,2.993164334,0.00276101,0.040960112,chr5,107744794,107875107,-,protein_coding,Evi5
ENSMUSG00000085363,20.37591209,1.397564551,0.467084947,2.992099315,0.002770661,0.041011941,chr5,67642400,67646776,+,antisense,Gm15478
ENSMUSG00000102776,28.32049596,1.334148205,0.446520257,2.987878344,0.002809214,0.041398609,chr1,66775510,66780107,+,TEC,Gm38162
ENSMUSG00000015944,49.72485471,-1.131305418,0.378921693,-2.985591586,0.002830304,0.041617335,chr5,134099710,134144343,+,protein_coding,Gatsl2
ENSMUSG00000024140,22.85848503,-1.365487355,0.458062513,-2.981006561,0.002873026,0.042059843,chr17,86753906,86833410,+,protein_coding,Epas1
ENSMUSG00000103937,55.33554879,1.151263695,0.386716093,2.977025561,0.002910597,0.042469856,chr16,4170775,4173636,-,TEC,Gm37186
ENSMUSG00000003779,80.84847573,1.239495405,0.41673908,2.974272066,0.002936846,0.042759187,chr18,34624623,34633265,+,protein_coding,Kif20a
ENSMUSG00000062727,49.41131999,1.293210068,0.435598143,2.968814463,0.00298951,0.043383723,chr13,22035869,22036345,+,protein_coding,Hist1h2bk
ENSMUSG00000034674,65.81087207,1.112545483,0.374927988,2.967357784,0.003003712,0.043542385,chr10,82629827,82650799,+,protein_coding,Tdg
ENSMUSG00000097206,62.23478481,1.109768376,0.374287709,2.965014208,0.00302669,0.04380317,chr6,38551530,38554007,-,lincRNA,Gm26699
ENSMUSG00000038486,25.34749225,1.367701731,0.461694604,2.962351557,0.00305299,0.043969654,chr3,96181150,96195521,+,protein_coding,Sv2a
ENSMUSG00000034329,77.72808338,1.14237765,0.385679611,2.961986105,0.003056616,0.043974336,chr11,86058137,86201193,-,protein_coding,Brip1
ENSMUSG00000028678,42.02002688,1.298422719,0.438531686,2.960841279,0.003068,0.04407753,chr4,117159638,117182639,-,protein_coding,Kif2c
ENSMUSG00000109652,62.68347564,1.129453188,0.381617593,2.959646535,0.003079922,0.044119053,chr8,22873588,22876190,+,TEC,Gm45555
ENSMUSG00000106588,15.50512467,1.410094461,0.47650456,2.959246518,0.003083923,0.044128917,chr5,3472860,3480873,-,antisense,Gm17590
ENSMUSG00000021779,12.81935158,1.408824755,0.476184307,2.958570312,0.003090697,0.044131049,chr14,17660260,18038090,+,protein_coding,Thrb
ENSMUSG00000074476,52.39324176,1.278040342,0.432409865,2.955622537,0.003120387,0.044412177,chr9,21755441,21760303,-,protein_coding,Spc24
ENSMUSG00000015474,60.38675946,-1.135808,0.384256906,-2.955855786,0.003118028,0.044412177,chr17,34616661,34628510,-,protein_coding,Ppt2
ENSMUSG00000102964,70.53332587,1.061279481,0.359993792,2.948049396,0.00319786,0.045272993,chr1,156026222,156030007,-,TEC,9430034N14Rik
ENSMUSG00000097779,82.91563991,1.114987445,0.37817437,2.948342175,0.003194832,0.045272993,chr19,53460630,53462723,+,lincRNA,4833407H14Rik
ENSMUSG00000004263,835.9443748,-1.314372958,0.445946125,-2.947380603,0.003204785,0.04532287,chr6,124742543,124756524,-,protein_coding,Atn1
ENSMUSG00000086359,43.39668862,-1.195071717,0.405581318,-2.946565001,0.003213249,0.04539438,chr11,63964225,63968040,+,antisense,9630013K17Rik
ENSMUSG00000029177,80.13597542,1.249554658,0.425052758,2.939763677,0.003284627,0.046206754,chr5,30666776,30674830,+,protein_coding,Cenpa
ENSMUSG00000113432,22.01308599,1.372595508,0.466963313,2.939407595,0.003288403,0.046211082,chr13,17735984,17737054,-,TEC,AC154828.1
ENSMUSG00000101674,96.0561655,1.033212924,0.351570978,2.938845889,0.003294368,0.046246128,chr1,54681728,54767524,+,antisense,4930444A19Rik
ENSMUSG00000102329,19.13448989,1.380471677,0.469883811,2.937900064,0.003304435,0.046313423,chr2,11521705,11530836,+,antisense,Gm10851
ENSMUSG00000053080,15.82111003,1.400446499,0.476761277,2.93741662,0.003309592,0.046313423,chr19,7417624,7425904,+,protein_coding,2700081O15Rik
ENSMUSG00000069910,47.07665315,1.286055807,0.438249699,2.934527529,0.003340559,0.046697722,chr11,34809189,34833641,-,protein_coding,Spdl1
ENSMUSG00000033730,41.93015798,1.320463356,0.450084428,2.933812575,0.003348263,0.046756356,chr14,70077202,70082550,+,protein_coding,Egr3
ENSMUSG00000035246,12.80079544,1.384622347,0.472807201,2.928513657,0.003405869,0.047510977,chrX,93654862,93749951,+,protein_coding,Pcyt1b
ENSMUSG00000108542,21.06396111,1.376432806,0.470216781,2.927230294,0.003419955,0.047657579,chr7,75481998,75483394,+,TEC,Gm44834
ENSMUSG00000083435,15.49176734,1.389465026,0.47498612,2.925275008,0.003441519,0.047778582,chr5,64190032,64190987,-,processed_pseudogene,Gm15824
ENSMUSG00000113894,34.14377719,1.299227682,0.444093482,2.925572511,0.00343823,0.047778582,chr13,3562384,3563618,+,TEC,Gm48838
ENSMUSG00000054626,16.96892254,-1.354584684,0.463975668,-2.919516642,0.003505747,0.04839747,chrX,53777117,53797706,-,protein_coding,Xlr
ENSMUSG00000098912,46.99718282,1.187690532,0.406795819,2.919623253,0.003504548,0.04839747,chr3,88782942,88832547,-,processed_transcript,1500004A13Rik
ENSMUSG00000076875,7.837329005,-1.316401548,0.451243801,-2.917273424,0.003531061,0.048696473,chr14,54157279,54157342,+,TR_J_gene,Traj58
ENSMUSG00000042331,59.12430608,1.244183159,0.426742624,2.915535243,0.00355079,0.048879664,chr11,61956762,62223013,+,protein_coding,Specc1
ENSMUSG00000000555,35.39559115,1.292621922,0.443417035,2.915138166,0.003555311,0.048879664,chr15,103344285,103366763,-,protein_coding,Itga5
ENSMUSG00000030528,144.5862741,1.000909019,0.343507829,2.913788082,0.003570722,0.049040371,chr7,80454732,80535119,-,protein_coding,Blm
ENSMUSG00000037725,44.87223777,1.28845592,0.442283994,2.913186857,0.003577605,0.049084292,chr8,22168159,22185819,-,protein_coding,Ckap2
ENSMUSG00000042215,16.82243931,1.387936022,0.476739324,2.911310128,0.003599166,0.049228016,chr1,33745483,33757795,-,protein_coding,Bag2
ENSMUSG00000010142,62.89716599,1.135131364,0.390227108,2.908899308,0.003627037,0.04955834,chr11,61126754,61149372,+,protein_coding,Tnfrsf13b
ENSMUSG00000102496,42.84242889,1.210438975,0.416622146,2.905363975,0.003668263,0.049865912,chr18,35574906,35577066,+,TEC,Gm36989
ENSMUSG00000112023,104.2553662,1.08143178,0.372374243,2.904153012,0.003682481,0.049957248,chr10,51480631,51486703,+,protein_coding,Lilr4b
